row ID,row m/z,row retention time,3338_F2_20211214_1_POS.mzML Peak area,3338_F1_20211213_1_POS.mzML Peak area,3338_F4_20211213_1_POS.mzML Peak area,3338_F3_20211213_1_POS.mzML Peak area,3338_F4_20211214_1_POS.mzML Peak area,3338_F5_20211213_1_POS.mzML Peak area,3338_F3_20211214_1_POS.mzML Peak area,3338_F1_20211214_1_POS.mzML Peak area,3338_F2_20211213_1_POS.mzML Peak area,3338_F5_20211214_1_POS.mzML Peak area,3338_F6_20211214_1_POS.mzML Peak area,3338_F6_20211213_1_POS.mzML Peak area,
1,887.569821689759,7.852616628011333,5.075500349772601E7,0,0,0,0,0,2779493.527538601,8544496.757836984,0,0,0,0,
2,887.5709432611816,7.705058097839499,4.666063948031365E7,0,0,0,0,0,0,6644209.905796491,0,0,0,0,
3,887.5699332843221,7.9856065750122,2.3115114635153316E7,0,0,0,0,2.264282178695815E7,2076846.8169127796,0,0,1.185729122322558E7,3276213.570193178,0,
4,702.2155576893001,7.590004784720285,5455984.439484069,0,0,0,1399402.0490097068,0,4596321.055066238,2305655.5086270133,2049277.4649726439,3240455.0692563104,2033892.6304756673,0,
5,628.1972623312487,7.118627786636334,4897159.860951369,0,0,0,1170269.4438779666,0,3688926.4899828257,2101691.5815717643,0,2570291.4194874475,1166927.6742008468,0,
6,633.1534002967087,7.11705422401425,3414359.524662274,0,0,0,0,0,2562295.9812141983,1954022.1150428276,0,2433170.8209206024,0,0,
7,851.2668072356867,0.2187083289025,1560227.257276402,0,0,0,0,0,0,0,2291267.1808971968,0,0,0,
8,707.1722963653039,7.590004784720285,3099285.673339464,0,0,0,731264.1052071397,0,2799018.3139456245,1383782.283471107,1891528.8398902197,1662001.2124561176,733410.9126297301,0,
9,649.1267771546144,7.1175200462342,3133710.281638162,0,0,0,0,0,1757859.1579091272,1358644.316535456,0,1560669.6669265223,652978.491782619,0,
10,371.1027322760104,6.51597917079925,2646617.6280144188,0,0,0,0,0,1553176.5894045606,1018700.3930248071,0,1413602.0523565502,0,0,
11,559.1334106934218,6.51597917079925,2642595.4751630463,0,0,0,0,0,1673283.2156809117,1109100.6574820464,0,1485082.2831258646,0,0,
12,723.1455973210658,7.592038949330667,2182562.421605899,0,0,0,541538.2134257283,0,2168466.2171811378,1096796.2359788087,0,1136222.4576611998,525470.1808810579,0,
13,273.1685839549637,1.5085999965665,2130343.2726640627,0,0,0,0,0,0,0,3907610.2275431966,0,0,0,
14,612.265331720397,7.010902404785,1807415.0827091713,0,1075078.2206801185,986011.0479179521,1670184.3088965327,0,1625984.7163523445,1923636.7316054297,920795.2127504539,0,0,0,
15,575.1073188073389,6.51597917079925,2052065.2294212447,0,0,0,0,0,1026233.153771602,792851.5346780822,0,1028951.3507369265,0,0,
16,371.10297155275293,7.11705422401425,1358370.4766635243,0,0,0,0,0,1028256.4806137888,674353.2705255002,0,917934.7565390277,0,0,
17,172.11734774836918,7.013063690879,2614081.9618958193,1393231.6856917725,1667142.1025903232,1565104.8881435758,2603172.529140721,1468662.2137765542,2836455.2927770587,2922802.579160199,1141869.640238756,707848.9354978389,720041.4514084149,0,
18,522.5974419348429,7.701703357696601,3129232.3604846145,0,0,0,3218252.535714784,0,2783266.837891477,3451195.6587356366,0,0,2246966.6119835335,0,
19,776.2335906658387,8.021408081055,1074619.4918047981,0,0,0,0,0,1081637.695935009,0,0,0,0,0,
20,522.5978324714466,7.7254698753358,850721.2560489948,0,0,0,0,0,1480955.7076445953,1804006.2276816573,0,4239643.61086947,1250643.7346889756,0,
21,331.210341413544,1.9320777654646666,1832588.8720110697,0,0,0,0,0,391855.14960490016,0,1360352.197611477,0,0,0,
22,125.98810284637808,8.867137908935455,1560188.001360073,4424502.541747547,954625.1345333983,3900642.3868151233,3223870.3350103903,3822104.219566663,2525471.8478887836,2900910.2018734897,0,3721852.452453311,2868196.138283157,1299086.090460222,
23,338.34300992542165,7.3674571854725714,1423040.6775687577,0,0,0,1728347.469516114,0,885406.1522043194,659914.5518557382,0,1734186.8094104722,4194762.251803962,5913459.164415237,
24,494.5667193816375,7.328383445739832,2702722.17338783,0,0,0,2448178.9674141854,0,2926896.4694549195,2906791.977627416,0,2228512.0168848005,1551294.7471102807,0,
25,355.0715964155453,7.115158319473,924205.9764692949,0,0,0,0,0,685272.3032720697,0,0,0,0,0,
26,355.0717233040969,6.518041610718,895835.4560564865,0,0,0,0,0,390978.7874618356,0,0,0,0,0,
27,139.99003613816066,8.819731791814165,1624573.2421091376,1274516.6302353125,1060621.1143899066,734761.980049989,1716333.586002166,710618.7748536395,1869207.7358401597,1818923.62760549,317143.5200766692,1794017.9895311894,1668274.786886027,1110532.331512328,
28,141.96052074944257,9.278658390045166,5947300.387195832,0,0,0,4037212.544724639,0,6381672.171714738,6142820.040784886,0,4158608.0752649605,5741461.5191940935,0,
29,141.96054921901714,9.315919717152834,5616014.314286132,0,0,0,6320604.349233444,0,5045408.486312842,4032743.870379173,0,6341263.294748914,3706121.294579897,0,
30,397.32976733066295,6.97760971387225,1614326.4654531695,2390554.4963168097,3358272.545192187,3015765.520177025,664895.2867369355,2874039.5172657515,1726167.102534682,753392.1283829892,2578972.5016733953,1536903.2242592876,773684.0431799352,2656910.598808808,
31,471.10655542126,7.0105250676469995,3809408.8046149896,0,0,0,4356053.546888243,0,4358166.993531181,4587871.085215468,0,959823.0521543568,3608304.7292183912,0,
32,217.10628956312718,0.33280833065500004,556448.0795104727,0,0,0,0,0,0,0,419216.75171336473,0,0,0,
33,909.5534232482122,7.678549766541,4893035.83831072,0,0,0,0,0,0,0,0,0,0,0,
34,433.1838698902742,4.641510057449301,2093898.5743433656,0,0,617474.9696314107,2337079.5565235927,1488095.5382690246,1683031.614732106,3599059.8885230864,2577763.1369046043,2568485.417978163,4355291.458664658,2513331.3542945413,
35,141.96087043939409,8.975812131708182,4468455.451912756,3529752.1526459325,5879498.752654266,5656994.662893429,2043884.419064988,5309646.097060299,3752629.0643460066,0,5302603.535904892,2901530.262634318,1587740.3328448292,5841176.064099876,
36,433.1839131573686,4.656228845769636,3422167.150422407,4112319.905874324,2050923.828584895,2611960.038513327,2034898.9689611872,2163896.1335183685,2316823.9559177877,2297575.0050974265,2715608.205742616,1836211.5449550273,0,1218505.4076087624,
37,425.28839931074737,6.2269433975218,1058760.723517151,0,0,0,1057505.002686562,0,1055735.8357131972,1087424.6247367635,0,0,1045510.9023597664,0,
38,909.5515325643936,7.703016757965,3568765.8466946427,0,0,0,0,0,0,0,0,0,0,0,
39,125.9883165756444,8.8960832595824,3441358.457934401,0,3641560.594607687,421888.98164304683,0,0,0,0,4481742.493994523,0,0,3051029.862720298,
40,924.2727876149985,7.449711163838667,3165961.374238404,0,0,1373611.2534637519,0,0,0,2104149.3264243747,0,0,0,0,
41,284.33272112189053,4.6725180943807505,1217901.1534733144,364169.29344725946,763860.1506788195,634745.3319033036,1374073.9081897093,483433.5529852124,1165326.3658761217,966315.854692857,946828.9732489745,1160463.6884023196,1100427.456711021,735462.897687264,
42,554.1773109996203,6.511316776276,601829.7551559475,0,0,0,0,0,0,0,0,0,0,0,
43,261.1324050214697,0.4027000069615,548680.2738608669,0,0,0,0,0,0,0,1007356.7952465848,0,0,0,
44,411.3450061017409,7.297883351644,888775.814581197,355773.147329751,0,0,0,0,0,0,1063272.5730955054,0,0,0,
45,455.37064385483126,7.2345069249471665,1056486.3392861183,1560404.8823586814,1554660.7483452852,1535503.773247295,577561.4348086425,1398957.0741658246,875905.8240360369,478737.2034310428,1312540.5954894584,971692.307258662,553207.0050464857,1286326.8032198807,
46,924.2731202307883,7.463211059570334,851039.8499286361,0,4892391.140277334,0,0,0,0,4369656.371363058,0,0,0,0,
47,925.5281314979543,8.792374928792334,561693.4216703144,0,1613778.4957714966,1.4087045583660388E7,0,0,658985.7450601159,0,4399872.126010277,787044.9878679542,0,0,
48,383.3141970215907,6.620826363563666,891453.6603251147,1803464.0282234452,1741786.381700591,1506726.2144390773,1017106.7752824371,1389398.3066611288,1013575.237367523,1041011.0258980897,1315493.4522393597,783886.7026192071,428848.25791999686,820153.5627092045,
49,501.08753078386303,5.811716556549,603344.5199416954,0,0,0,0,0,0,0,0,0,0,0,
50,141.96194031483662,8.945491552353001,260801.90847542053,4142877.603364226,0,0,0,0,1184204.882355242,1672063.0498438748,0,0,0,0,
51,419.1683230541897,4.272108316421701,2062102.8736796551,2184300.658611285,1879997.4073075228,2624332.5593440803,2351680.1664634543,2274377.648988584,2232512.4645207953,3023402.021207871,2408734.4151960327,2456015.252930923,0,0,
52,447.199424082243,5.044005552927666,2524914.2229132503,0,0,0,2499754.82422623,0,2688629.333380484,3324102.134599318,0,2624081.3452362074,1463832.7610361148,0,
53,473.1044388048868,7.007325013478333,2135681.0931844823,0,0,0,2649203.998378806,0,2504667.798194691,2820099.325077606,0,584096.3793395673,1457222.1949742995,0,
54,415.18916277130916,6.74595844745625,525154.2607671524,0,0,0,530926.7533030116,0,515556.3477167139,521464.4990753116,0,0,0,0,
55,389.25172630199006,2.3122567176819997,680942.3430382779,0,0,1029062.6013730206,0,0,769003.3224816008,0,1032564.7819177101,0,0,406686.6133117999,
56,469.3869105373016,7.543304616754728,707164.4752306191,1012699.7188302227,1742836.9767203787,1625374.2484048759,944085.246821743,1322237.0258119619,851220.9416918189,828073.2378015275,1308186.5967519782,0,909642.3945806174,1671798.4698236778,
57,485.1133314818418,5.811716556549,486652.9452590985,0,0,0,0,0,0,0,0,0,0,0,
58,409.18480498340404,7.009505589802832,677303.2708148616,0,526317.0545987402,511171.05396677664,435901.0434514981,0,480280.66707561875,490650.7255349478,0,0,0,0,
59,304.30129902985817,4.1616066932678,298904.178056841,0,0,0,1096917.2018776832,0,0,401740.9897189502,521684.57619358826,1201793.3904437604,0,0,
60,917.5805581000141,8.356283187866,1154547.394017392,0,0,0,0,0,0,0,0,0,0,0,
61,141.98540702655447,8.805249849954999,404211.7831423712,0,0,0,431044.8521245871,0,0,0,0,361808.5288212646,0,0,
62,925.528424554642,7.678549766541,1982248.0284908933,0,0,0,0,0,0,0,0,0,0,0,
63,879.2851930026163,7.015299956003666,915845.7169849125,0,0,0,755776.8922170787,0,739461.9760430816,0,0,0,0,0,
64,447.19933324928905,5.12171244621275,828846.8951351978,1175917.078102631,1297175.2766854814,1725797.833572087,0,1013306.0620316018,0,0,1632259.1824722413,0,993452.9518065836,1223542.3941112612,
65,471.1058395918978,7.615422169367332,0,4.244806345799451E7,2.604438869827073E7,2.5599528820965715E7,0,3.1816479896845866E7,0,0,2.286243928965162E7,0,0,4.876169939457374E7,
66,668.199499561665,7.940572261810499,0,2.1380452367601003E7,1.774196200206322E7,1.8815362969131842E7,0,1.7814462620277856E7,0,0,1.6299316181116473E7,0,0,2.087154937357282E7,
67,464.1113985718278,7.9445611635845,0,1.7254727762674507E7,1.0250568892838504E7,1.3368339517070357E7,0,4969757.00728912,0,0,1.1042855898498805E7,0,0,2195305.3976322953,
68,670.199518601265,7.263344446818167,0,7372274.577153401,9127731.169213198,8264311.852429287,0,9435072.45359839,0,0,7842879.381957971,0,0,9303865.230190383,
69,471.32687189187726,7.612230539321833,0,2914903.4476268776,1880789.984576982,1898740.0604457837,0,1525075.2994871538,0,0,1698147.6028942596,0,0,2966056.3882680256,
70,466.11156829673763,7.263344446818167,0,3408644.323376004,4239369.690291749,4206642.112580874,0,3114059.242188597,0,0,3095025.040284249,0,0,2360771.634903397,
71,887.5703857597983,7.056116739908667,0,1.1529553684527908E7,0,0,0,0,0,5253197.343251678,9.245026737246057E7,0,0,0,
72,887.5706865454911,7.361070752143751,0,1.1372727824941857E7,0,0,0,1.143343502177285E7,0,7630983.603025642,3.6139449436914295E7,0,0,0,
73,429.3195112639096,5.397255473666556,0,1316487.1293392226,3043135.844355863,1435935.4931638618,1407719.5684583487,1791463.852919777,0,0,925404.7973021202,677270.8318524642,1379217.2854921818,2141408.514554485,
74,851.295450588461,0.232033327222,0,1017493.7614677809,0,0,0,0,0,0,0,0,0,0,
75,468.10804399141153,7.263344446818167,0,1435603.9594304236,1325956.0145744353,1735934.8775618265,0,1042818.2932782159,0,0,1062199.1404270178,0,0,859365.9942270529,
76,473.3246945767589,7.6103777885436665,0,1055942.3961543909,778966.6242476157,0,0,0,0,0,0,0,0,930502.9148306923,
77,917.5803075542307,8.073008537292,0,5418244.136772627,0,0,0,0,0,0,2815114.6270181304,0,0,0,
78,130.16108471839706,8.756327629089332,0,3512893.8200263088,0,0,0,2833726.2923262725,0,0,0,0,0,1984275.97269134,
79,130.16103705814692,8.788905779521,0,843477.1145516058,3348092.940984706,0,0,0,0,0,4093459.349640026,0,0,0,
80,728.5886669048093,7.395833492279,0,747238.7838029761,0,0,0,0,0,0,0,0,0,0,
81,821.5965424248487,7.3399167060855,0,732321.1611857156,0,0,0,0,0,0,654525.5542995852,0,0,0,
82,816.6410106350311,7.3399167060855,0,708021.5188670577,0,0,0,0,0,0,588619.1006555024,0,0,0,
83,733.5447037527359,7.3948333263395,0,693010.212584191,0,0,0,0,0,0,0,0,0,695881.8646899426,
84,308.04550007790806,7.6060667037959995,0,1237418.3259819914,0,721773.9457420304,0,0,0,0,0,0,0,0,
85,610.1852206534405,7.932588895161834,0,1039180.561807463,4566050.570912522,1971680.2213930185,1854492.652428817,0,814162.7423649533,2823339.9770449833,0,0,0,0,
86,513.4128296477049,7.523043751716375,0,1771337.3399709223,1540206.1434342104,1449437.2630183932,196887.36414893184,1397272.748929026,0,0,1478230.2741617747,0,215206.91286204086,1629492.0452489117,
87,411.345430687927,7.305152416229142,0,710451.6788996106,1249880.468032281,1333839.043813003,674769.4346701789,850798.6559050692,1189738.5836504437,999770.8274787241,0,0,0,0,
88,441.3556711028348,6.911839398470818,0,1094837.4515039579,1709799.5633141107,1252484.5594647857,873741.5590295331,1301576.283001549,456708.29360936675,660443.3854105211,1187261.8830498103,745787.0314987766,740963.5664813281,1766981.5816858022,
89,917.5799251403395,8.1000580787655,0,2540009.9664782677,0,0,0,0,0,0,4251346.81303138,0,0,0,
90,557.4398088317215,7.499200105667,0,578152.470528032,619282.7186882137,549747.3725462522,0,608372.3817104397,0,0,620067.7084840271,0,0,763374.5386862447,
91,130.16100928480984,7.130912423133751,0,4720403.46427527,4310504.68772538,4961315.935503587,0,3238075.662815137,0,0,0,0,0,0,
92,924.2724003272947,7.157083511353,0,3312532.994067902,0,0,0,0,0,0,0,0,0,0,
93,130.16088912712505,7.414100170135666,0,4808972.267800522,0,4522664.988618822,0,0,0,0,3574840.919540168,0,0,0,
94,130.16101342586677,7.707516670227251,0,3212451.0807601395,4079055.0577003146,4387855.110203209,0,0,0,0,3919646.9218249535,0,0,0,
95,130.16093660671334,7.5616166591645,0,332236.22765627544,3525293.838974419,0,0,3569931.180889808,0,0,3681284.508092465,0,0,0,
96,130.16100490959957,6.967896747589,0,5060203.448039444,4348391.90139712,4877346.511917178,0,2646775.107025734,0,0,3964151.152618885,0,0,0,
97,645.4922021277592,7.4506166776023335,0,558752.6255755591,650676.625495122,506783.88590237044,0,0,0,0,0,0,0,0,
98,537.3956053902098,7.895283222198,0,1013338.4250453069,0,0,0,0,0,0,0,0,0,0,
99,640.5370602164924,7.450841665267999,0,535078.111067811,0,512836.09838924836,0,0,0,0,0,0,0,0,
100,425.3606824652842,7.5889100074768,0,947656.7828718126,764503.6073229678,792970.000816643,666766.8863844696,710249.2091176147,795105.910354725,658024.8636061181,684022.8019952768,0,675624.5178125809,1022091.7461891607,
101,561.3985292824947,5.337638854980334,0,500143.8202394795,1264750.927495563,0,606630.0644084432,0,0,0,0,0,0,0,
102,130.1609419930132,7.8584084510805,0,3458483.362495345,0,3036332.45042313,0,0,0,0,0,0,0,0,
103,130.1609626731944,6.766653251648,0,3939920.1716921143,4213747.760868177,4278615.375389408,0,3084014.7970439107,0,0,3869120.219403827,0,0,0,
104,443.3350025183128,5.671605428059834,0,583528.8130296625,596514.1735323957,520395.1567780224,0,516058.79489035317,0,0,717860.7322412671,0,0,533775.0508501155,
105,901.585704317291,8.723266601563,0,1272013.39281662,0,0,0,0,0,0,0,0,0,0,
106,749.5198231158915,7.3948333263395,0,476652.32257663633,0,0,0,0,0,0,0,0,0,277493.0755172131,
107,399.3087746385097,5.82043325901025,0,481013.85493400926,232037.06083806933,249647.07513819932,0,214990.7248575348,0,0,0,0,0,0,
108,399.30862549485494,5.701466560363751,0,242925.6099747004,532685.1124079672,463315.65597861016,0,460177.94847660087,0,0,0,0,0,0,
109,929.2331708311682,7.157083511353,0,2035561.6271760287,0,0,0,0,0,0,0,0,0,0,
110,443.3353228604232,5.79228746891025,0,511911.38586187316,254557.40722837156,283664.5928278294,0,0,0,0,544988.0230096758,0,0,0,
111,447.34527015328223,7.2635722160339995,0,739687.8013664728,709285.9839757576,1020056.4912181667,0,0,0,0,0,0,0,0,
112,945.2024960691432,7.157083511353,0,2409955.1997698448,0,0,0,0,0,0,0,0,0,0,
113,487.36111439302044,5.763850212097,0,229281.4360931622,0,0,0,0,0,0,0,0,0,0,
114,310.04347893006866,7.61084985733,0,412346.5279158675,0,0,0,0,0,0,0,0,0,0,
115,182.986614570177,9.016324996948,0,851107.2363435556,1639769.520208846,1539649.3622168156,0,0,0,0,1473043.3810475436,0,0,0,
116,487.3613783417924,5.6578333377835,0,405547.2936757891,0,0,0,0,0,0,383692.3416354532,0,0,0,
117,128.9529623218868,9.009416770935001,0,994511.7700106164,1887158.9465831476,1779409.7197636152,0,1682464.2457505327,0,0,1679529.581593251,0,0,0,
118,355.28264498791344,5.838633298874,0,378291.3589837492,0,0,0,0,0,0,387966.68548939435,0,0,0,
119,261.132787777986,8.741749763489,0,1673635.4862140683,0,0,0,0,0,0,0,0,0,0,
120,533.2805988776291,5.7997900009158,0,0,1.7987168745373666E7,0,2.6013252908193037E7,0,673212.8403535625,0,0,4.386875717668624E7,4.987864408512701E7,0,
121,623.2881337064781,6.873122215271167,0,0,8879188.801718228,0,1.774930679655048E7,2.2067576647064853E7,876717.6358459697,0,0,3.1563555490173742E7,0,2.969192088160144E7,
122,675.358062927907,4.03725838661175,0,0,7498647.601459221,2811811.653700426,4573113.831956223,0,1918715.4031754376,0,0,0,0,0,
123,513.3044360812494,4.49479794502275,0,0,1.1509090175368968E7,2098075.6754911374,8388450.164831067,2085961.8085619495,2290453.0459349733,0,0,1908912.8863246043,1800973.1825513928,1936999.5648817546,
124,471.10613527141817,7.64631259441375,0,0,2.4753914510923557E7,2.4935116337052915E7,0,2.870829904053948E7,0,0,2.2160016081747875E7,0,0,0,
125,515.3205745258684,4.946204730442572,0,0,3269627.699533942,0,6705831.820314862,1477818.3572156753,887329.3998686876,0,0,851878.3316883116,1595556.5803377754,1110495.0287650188,
126,539.319840127582,4.708226203918429,0,0,3868441.9840378156,0,4794949.1012831945,1688489.7016854929,826201.4505735631,0,0,1495904.346994674,2206231.6183551587,3011300.3627272686,
127,935.5736755955728,7.3542200088502,0,0,5283176.86225133,0,5551088.461008147,1758060.2236215943,0,0,0,0,1.035773930524126E7,1.6225993128721345E7,
128,541.336199364202,5.109127759933333,0,0,4562384.926412713,0,3430888.631401796,1625102.9611054696,0,0,0,960064.7851961713,899760.9977516951,2095887.958550456,
129,385.29324376503973,5.4176452500479995,0,0,3006149.583374277,1141249.036975537,0,1597927.0215871818,0,0,890883.7082330552,729935.5422121609,1914610.772540476,2300201.6065030266,
130,645.2705120722337,6.867655595143667,0,0,2127068.393385534,0,3403502.566948412,5669988.736321891,0,0,0,6383760.22210459,1.4024248024996947E7,7926973.98432402,
131,529.2782730696429,4.490800023079,0,0,3177484.055850531,0,2224452.9952018475,0,683689.4021059235,0,0,587434.9786975058,0,0,
132,887.5700486224343,8.737666606903,0,0,8874662.265444268,4.138786978419134E7,0,0,0,0,0,0,0,0,
133,533.5188026810648,5.7825778325399995,0,0,2842043.7721065544,0,2258946.677712451,1.3811490011365548E7,0,0,0,1.2155034337478962E7,3.447747124955496E7,2.2375825174379956E7,
134,937.5889477773708,7.695613781611333,0,0,2945217.9022487933,0,2478130.8020155835,4319630.678140504,0,0,0,4259767.437301544,5934773.480962448,2286296.9784908877,
135,473.34565723381615,5.3807500203449985,0,0,2131381.2590432363,989297.6168784972,1048260.9845176106,1214368.5496113356,0,0,687902.1685339538,0,0,1613047.2641084543,
136,230.24941370550246,3.5057917237282497,0,0,1708067.358491328,2231703.159875968,1234749.9557242934,0,1687686.9985912247,0,0,0,0,0,
137,951.5485274477323,7.353103351593001,0,0,2181179.745128887,0,1768760.75415948,0,0,0,0,1952556.9287462954,2758544.994789658,6124303.125112553,
138,346.1636701524485,4.033488909403333,0,0,1536691.717812501,0,1610821.4940304668,0,948804.9333614896,0,0,0,0,0,
139,555.2946800596363,4.712283372879,0,0,1335401.6162057961,0,1423994.2339385105,568293.0272374919,0,0,0,0,0,833520.2104827487,
140,703.388671200631,4.563533306122,0,0,1518208.9003867228,0,738984.06722583,0,0,0,0,0,0,0,
141,341.26728487071273,5.419154167175375,0,0,1727896.082585748,788624.17983813,0,1087131.821472864,458702.2953619427,372826.40439556167,0,673496.107876014,1257637.5597221768,2177902.5014994196,
142,517.3718390347888,5.358829140663251,0,0,1561539.5037261054,707301.2398687657,716791.4470349925,843418.0680830709,0,0,0,0,0,0,
143,944.5922724114201,8.060433387756,0,0,4992999.462130848,0,0,0,0,0,0,0,0,0,
144,265.1380225512551,4.492622216542666,0,0,1790890.5717784201,0,1253255.6970268688,0,0,0,0,448138.4984109723,0,0,
145,557.3106799347248,5.1106999715166666,0,0,1489534.8342574076,0,726962.0100286894,0,0,0,0,0,0,528768.1347164274,
146,653.2988118705423,7.2853611310323325,0,0,671130.5640766426,0,0,641583.2949198583,0,0,0,262778.4871783837,0,0,
147,258.2808147908362,4.074366569519,0,0,1265449.0669447966,0,0,0,0,0,0,0,0,0,
148,730.4821036258696,6.1168416341145,0,0,1141914.5497689196,0,954151.1538456767,2927710.3363392176,0,0,0,3041762.7934375955,7764026.99716864,1.2314745850947827E7,
149,953.563377885679,7.695613781611333,0,0,1062539.9707742722,0,747441.1045582008,1056600.58623919,0,0,0,1058047.567825789,1765843.1119348924,687807.7490537299,
150,870.5965901982448,5.00761234760275,0,0,982302.1819441543,0,0,1724924.0839153486,0,0,0,0,1932461.0641562736,2916686.2074653544,
151,278.1459904776883,4.712155659993333,0,0,694111.7783634715,0,632050.2060748248,0,0,0,0,0,0,492126.6554214449,
152,512.4169502759817,5.353041648865,0,0,902207.217493801,0,636994.3259137635,0,0,0,0,0,0,0,
153,653.2991590370528,7.045488913854,0,0,1772167.6913723026,0,987446.5009459467,3059672.253932834,0,0,0,2418628.3987746923,3.432162932226524E7,3.820949732807109E7,
154,605.425437649226,5.320966720581,0,0,1061260.8965919632,0,0,0,0,0,0,0,0,0,
155,329.2702057879512,4.4943499565125,0,0,794291.4265354434,0,723789.5423232142,0,0,0,0,0,0,0,
156,911.5734747923988,7.5983527501425,0,0,842660.5612070366,0,786904.7409135635,1208958.5227687252,0,0,0,892832.3334427823,2606503.0732671134,4190278.088108196,
157,929.2343719108251,7.4988832473755,0,0,2734948.15991827,0,0,0,0,716065.9139923304,0,0,0,0,
158,279.15359781724624,5.1117916107175,0,0,891675.1157864676,0,707639.5636770646,0,0,0,0,0,0,0,
159,419.277902088995,5.204362511634999,0,0,549840.7957269351,0,427115.9166561287,0,0,0,0,0,966619.701087939,687815.2783360129,
160,595.2497919890385,4.757572015126334,0,0,713439.6335215851,3026941.04897523,0,0,3025422.2949205483,0,0,0,0,0,
161,329.270644896336,4.036266803741,0,0,280170.1429678623,0,0,0,0,0,0,0,0,0,
162,945.2025701094644,7.4988832473755,0,0,2174303.4267446166,0,0,0,0,718885.455749716,0,0,0,0,
163,885.5545314996906,8.096066474915,0,0,1546897.1253946514,0,0,0,0,0,0,0,0,0,
164,463.30427565824994,5.195105552673667,0,0,556861.8980780963,0,0,0,0,0,0,0,846872.6734330693,788229.7337696101,
165,917.5831147266208,7.248111089070666,0,0,3117418.376294443,0,0,3278881.6921617724,0,0,0,0,0,1217608.4512312678,
166,130.16103147355832,6.5551249980929995,0,0,3240218.0925348923,3951406.3884861455,0,0,0,0,0,0,0,0,
167,566.8267828156149,6.6794000625612,0,0,1182266.3518176563,0,0,9432094.845723053,0,0,0,6391073.190172873,1.981789180937501E7,2.6742737644995067E7,
168,917.5815753414852,7.441333293915,0,0,2151052.03607924,0,0,4898114.161432658,0,0,0,0,0,0,
169,284.33297743975186,8.789625167847,0,0,237523.81121877968,0,0,0,0,0,483314.9140455149,0,0,0,
170,909.553236106763,8.766766548157001,0,0,429577.44128711196,5446473.643663825,0,0,0,0,0,0,0,0,
171,631.1158617718226,7.970300197601,0,0,344459.20366303384,0,0,0,0,0,0,0,0,0,
172,684.205097266349,7.669241666794,0,0,0,3404512.2362132906,0,0,1671254.5787555256,0,0,0,0,0,
173,684.2046641299534,7.6591000556945,0,0,0,4864940.324262364,0,0,4727153.148206932,0,0,0,0,0,
174,313.27530038599474,4.917205651601001,0,0,0,619280.5959779359,510462.9607899145,0,401366.6425125375,0,0,0,0,0,
175,579.2815186737755,4.7109582424165,0,0,0,1624023.898902626,0,0,1211072.0258235657,0,0,0,0,0,
176,621.2646538030765,5.021033287048,0,0,0,743118.6986115996,0,0,0,0,0,0,0,0,
177,447.29331646433184,2.6633750200275,0,0,0,606051.8593769061,0,0,669449.8860162069,0,0,0,0,0,
178,1813.0119140133309,8.805100440979,0,0,0,1228095.4828945885,0,0,0,0,0,0,0,0,
179,903.5649928478583,8.405033111572,0,0,0,1356401.4180878163,0,0,0,0,0,0,0,0,
180,331.28596836638394,4.776883125305,0,0,0,552128.4395755528,0,0,0,0,0,0,0,0,
181,1797.042944689475,8.764249801636,0,0,0,926490.7300407335,0,0,0,0,0,0,0,0,
182,887.8715729264417,8.744382858276,0,0,0,1302816.5620410552,0,0,0,0,0,0,0,0,
183,505.33609661485775,2.984649896622,0,0,0,676250.5561837531,0,0,0,0,0,0,0,0,
184,130.16095792602823,6.259016513824,0,0,0,3172300.0195068717,0,0,0,0,0,0,0,0,
185,605.2958576899036,5.021033287048,0,0,0,435671.47429656365,0,0,0,0,0,0,0,0,
186,539.2949704001458,4.776883125305,0,0,0,486629.8384654501,0,0,0,0,0,0,0,0,
187,705.1351129444263,7.645299911499,0,0,0,551753.4040363841,0,0,0,0,0,0,0,0,
188,699.3588368957815,3.958733320236,0,0,0,0,2253983.4680615086,0,0,0,0,0,0,0,
189,537.3046493790494,4.3819334506985,0,0,0,0,1779658.6849603038,0,0,0,0,0,1066941.9919905928,0,
190,701.3738251630074,4.22244977951,0,0,0,0,1820240.8478432996,0,0,0,0,0,0,0,
191,691.332999312908,4.033916473389,0,0,0,0,1445720.3619263605,0,0,0,0,0,0,0,
192,610.1855634750459,7.986466884613,0,0,0,0,1389931.869271948,0,0,1065530.8364677131,0,0,0,0,
193,531.2946920132574,4.9417583942415,0,0,0,0,1950723.714870557,487750.65169890097,0,0,0,0,0,0,
194,930.6182088801704,7.35461664199825,0,0,0,0,1730280.4627622243,0,0,0,0,2391616.177283637,3548032.11561751,3617522.642850112,
195,358.1635354950257,3.958733320236,0,0,0,0,1024822.098668494,0,0,0,0,0,0,0,
196,312.32763997564564,7.1436699867248,0,0,0,0,944061.0958316978,3086048.5649482855,0,0,0,2418319.8748439057,1.3758057152596958E7,1.0826043808525536E7,
197,343.2963838301712,3.258741617203,0,0,0,0,701894.9824432847,0,677509.8628629189,0,0,0,0,0,
198,266.1456680671141,4.9367582798005,0,0,0,0,1217419.9755997772,0,0,0,0,0,399834.33960786345,0,
199,589.4843206851565,7.349708318710251,0,0,0,0,822001.0765166932,0,0,0,0,1454184.051788847,3766356.2583841323,4889316.446885192,
200,240.23374473562484,3.258741617203,0,0,0,0,659273.9636197317,0,636514.4852061397,0,0,0,0,0,
201,397.32892503365593,6.957716782887334,0,0,0,0,707277.2628669837,0,0,350435.2034819644,0,0,392073.5976740745,0,
202,328.32248064454836,6.270391702652,0,0,0,0,807280.2795865276,0,0,0,0,0,580946.7269098774,0,
203,141.9606444640108,9.473891735076752,0,0,0,0,4234975.366527418,0,0,5021364.056158789,0,3867755.3605031436,4097754.635700537,0,
204,556.4431777797208,5.326783180237,0,0,0,0,630637.8886660563,0,0,0,0,0,0,0,
205,773.5197761212629,7.9480466842654,0,0,0,0,533504.7230028033,816998.5619635026,0,0,0,837879.6943974711,1490533.97416352,1070765.515363676,
206,534.8305936133972,5.7783333778382,0,0,0,0,583368.7657315796,3058137.419539424,0,0,0,2331501.1231121,9068018.5738493,6100945.024779136,
207,425.2155623591713,5.5885000228885,0,0,0,0,574816.0945764042,0,0,0,0,697836.5083218488,2007106.7323302354,2787531.689771631,
208,1267.551947857653,6.860929250717249,0,0,0,0,583483.5155297772,0,0,0,0,2137930.509191022,1.069724356374457E7,4689839.845001326,
209,661.2443032778141,6.8686000823974,0,0,0,0,626070.9762434892,1760610.1931287376,0,0,0,1394125.061887608,3985657.1107300417,2339937.0289469347,
210,468.39016619734167,5.365166664124,0,0,0,0,447541.8827669511,0,0,0,0,0,0,0,
211,932.6333312883673,7.7010399818422,0,0,0,0,482993.80937858205,643205.4241277863,0,0,0,1005117.4113395906,2189656.5614191536,412566.2060322097,
212,433.15798733015583,5.7783333778382,0,0,0,0,449790.34285913093,2071606.8700290998,0,0,0,1369752.7264112388,9850583.593703859,5857915.126576697,
213,623.5428005097904,6.868473339080801,0,0,0,0,478477.6471478238,2556269.911832525,0,0,0,1587382.0117169765,1.3183058674872382E7,8063233.96355195,
214,534.9582934712136,5.7783333778382,0,0,0,0,391749.3630465328,2073964.9563699753,0,0,0,1233011.153558659,6255486.794131404,4094363.631552765,
215,534.7274699595154,5.779016812642333,0,0,0,0,368029.87682339194,0,0,0,0,0,5589335.864219226,3650380.4007475283,
216,534.2835504531887,5.772991657257,0,0,0,0,0,2.614996326739048E7,0,0,0,0,0,7.092517210126285E7,
217,935.5752815462052,7.358333349227999,0,0,0,0,0,2443826.860057679,0,0,0,6705171.057573266,0,0,
218,568.4284527972769,7.317933440208249,0,0,0,0,0,5109556.716105082,0,0,0,4763730.652982915,1.6350807006696982E7,1.376301369433767E7,
219,392.2959477037273,6.979444344838666,0,0,0,0,0,2322681.0071243998,0,0,0,0,4770503.118294952,1.355108396468633E7,
220,668.1996248120477,7.899400075276334,0,0,0,0,0,1.7650681291373175E7,0,0,1.366520968990574E7,0,0,9857557.921377905,
221,887.5766192481808,7.348299980164,0,0,0,0,0,5822484.363756882,0,0,0,0,0,0,
222,903.569630888002,7.163533449173,0,0,0,0,0,1.0020004607688053E7,0,0,0,0,657029.0549694225,0,
223,533.6649835859298,5.77783334255225,0,0,0,0,0,2882067.7469234564,0,0,0,1783536.9618663008,8676473.235161863,5310167.379023689,
224,578.2667075823615,6.38945841789275,0,0,0,0,0,1388505.1967576141,0,0,0,882006.0090993247,1.0649020895035151E7,1.2456029130152965E7,
225,886.590952878425,4.7515166600546666,0,0,0,0,0,1371689.1787206705,0,0,0,0,1317025.009913503,2728234.629143364,
226,427.6786342195175,6.670191764831749,0,0,0,0,0,4792732.000583481,0,0,0,3074682.920459604,1.0708127180179026E7,1.475274283399711E7,
227,533.7287422154175,5.777308225632,0,0,0,0,0,1944479.5622801946,0,0,0,1163548.115034045,0,0,
228,581.3995024064069,5.8370388348899995,0,0,0,0,0,1388038.1673405753,0,0,0,0,827022.5035694349,8330938.574654359,
229,817.563007047481,8.134117126465,0,0,0,0,0,3173630.997517926,0,0,0,0,0,0,
230,817.5647049113145,8.071283340454,0,0,0,0,0,4168721.084047215,0,0,0,0,0,1735432.9467036903,
231,1132.6567911456664,6.670191764831749,0,0,0,0,0,3626568.695371378,0,0,0,1801222.313551132,1.0746794935594033E7,1.5699421710793989E7,
232,925.5333967713646,7.146716594696,0,0,0,0,0,4465443.504238633,0,0,0,0,0,0,
233,653.2992586689387,7.061458349227999,0,0,0,0,0,626208.5426661585,0,0,0,322467.98989766825,0,0,
234,938.5420911884703,8.3121666908265,0,0,0,0,0,2527147.5611277833,0,0,0,2125059.346853222,0,0,
235,944.5924534306969,7.167483329773,0,0,0,0,0,5886077.030711588,0,0,0,0,0,0,
236,326.3796503318449,4.949800014496,0,0,0,0,0,1071618.5521123998,0,0,0,0,0,0,
237,464.11147205685256,7.8609166145325,0,0,0,0,0,6404713.049475992,0,0,0,0,0,6704536.540482119,
238,779.5655160833246,7.941474914550501,0,0,0,0,0,1484538.2384430584,0,0,0,874566.196906696,0,0,
239,418.67331791222097,6.670191764831749,0,0,0,0,0,3689590.8579078233,0,0,0,1975773.2385252225,7135216.01691123,8031240.346432933,
240,925.5340698624466,7.05926656723,0,0,0,0,0,2271428.0734738214,0,0,0,0,0,0,
241,777.5504948697212,8.664033253987666,0,0,0,0,0,861151.1823938155,0,0,0,0,1471809.9151267284,1195441.8499964941,
242,744.4596957748802,5.8346333503725,0,0,0,0,0,762366.8374129143,0,0,0,0,0,1803780.4106433732,
243,906.5410153574464,6.6417834758755,0,0,0,0,0,823906.7488781732,0,0,0,0,0,568093.2181074731,
244,815.5483230649728,7.763533115387,0,0,0,0,0,1913856.7116720902,0,0,0,0,0,0,
245,779.564845383697,7.89760017395,0,0,0,0,0,305726.4760405312,0,0,0,0,0,0,
246,777.55082138872,8.671538988749667,0,0,0,0,0,238247.96087571487,0,0,0,1088484.2510197044,2051599.0640764583,0,
247,907.5459859763183,7.228000164032,0,0,0,0,0,2636994.668119852,0,0,0,0,0,0,
248,927.5486605791403,7.599610964457334,0,0,0,0,0,484480.39914987073,0,0,0,0,730459.21037775,1550907.8070184595,
249,415.0438246575176,6.68651676178,0,0,0,0,0,605407.3983692601,0,0,0,0,0,0,
250,965.5532475750693,7.146716594696,0,0,0,0,0,1780933.4938293677,0,0,0,0,0,0,
251,917.5805801654285,8.723816871643,0,0,0,0,0,1209055.2084368404,0,0,0,0,0,0,
252,139.9901324124817,8.8641419410705,0,0,0,0,0,200114.3118483077,0,0,498260.51202321076,0,0,0,
253,838.5255640690208,7.744983196259,0,0,0,0,0,927357.5117935963,0,0,0,0,0,0,
254,793.524938677114,8.693049907684,0,0,0,0,0,464069.349737863,0,0,0,0,1870154.0485436572,0,
255,917.5812207837322,7.669400215149,0,0,0,0,0,1189915.9338711514,0,0,0,0,0,0,
256,557.821240864742,6.624883174896,0,0,0,0,0,2778600.407772769,0,0,0,0,0,0,
257,723.6263158501829,7.304083347321,0,0,0,0,0,371336.0152140175,0,0,0,673457.5818894559,0,0,
258,795.5400531134275,7.873566627502,0,0,0,0,0,416674.88632843737,0,0,0,0,0,0,
259,850.2538415889296,8.3795337677,0,0,0,0,0,0,475794.41811019497,0,0,0,0,0,
260,313.2751397873403,4.81823348999,0,0,0,0,0,0,240759.27287783226,0,0,0,0,0,
261,929.2360487027797,7.428599834442,0,0,0,0,0,0,0,1873646.606168916,0,0,0,0,
262,945.2040106828359,7.428599834442,0,0,0,0,0,0,0,1775833.9768569556,0,0,0,0,
263,887.5678264325277,7.144333362579,0,0,0,0,0,0,0,0,8.265388471454829E7,0,0,0,
264,887.5701887303626,6.813766479492,0,0,0,0,0,0,0,0,5.739521979574828E7,0,0,0,
265,909.5565139711792,7.199889024098667,0,0,0,0,0,0,0,0,1.221988957193211E7,0,494544.1713465055,1104096.533378247,
266,887.8731342484951,7.019283294678,0,0,0,0,0,0,0,0,7180625.292522603,0,0,0,
267,887.8725132640998,7.144333362579,0,0,0,0,0,0,0,0,6000648.678871377,0,0,0,
268,689.5172325533871,7.424749851227,0,0,0,0,0,0,0,0,596026.3519699401,0,0,0,
269,365.1071376147495,0.239383339882,0,0,0,0,0,0,0,0,674804.2560898734,0,0,0,
270,869.5597614186813,7.019283294678,0,0,0,0,0,0,0,0,3506138.470522347,0,0,0,
271,817.5642042832104,8.477783203125,0,0,0,0,0,0,0,0,2261822.99682965,0,0,0,
272,437.23647299686934,1.167999982834,0,0,0,0,0,0,0,0,528695.6802443269,0,0,0,
273,869.5590033266121,7.124583244324,0,0,0,0,0,0,0,0,2949538.8018264817,0,0,0,
274,215.1268982023518,0.843233346939,0,0,0,0,0,0,0,0,858161.0334189055,0,0,0,
275,434.1164137290779,0.239383339882,0,0,0,0,0,0,0,0,464689.54529826215,0,0,0,
276,393.2101378104762,0.97866666317,0,0,0,0,0,0,0,0,293990.9591398462,0,0,0,
277,1073.3113976737077,7.791383266449,0,0,0,0,0,0,0,0,1439860.01010763,0,0,0,
278,477.2182381747995,4.425633271535333,0,0,0,0,0,0,0,0,0,2016627.4505189988,1.688969218554144E7,4207455.117742336,
279,887.5701040497515,8.067999839783,0,0,0,0,0,0,0,0,0,9722771.985147499,0,0,
280,944.5943313599915,7.457950115204,0,0,0,0,0,0,0,0,0,6948146.766111039,0,0,
281,903.5673953407158,7.457950115204,0,0,0,0,0,0,0,0,0,6771849.455336657,0,0,
282,332.33216947121684,4.706799983978,0,0,0,0,0,0,0,0,0,873377.6198610741,0,0,
283,924.5302730939451,7.457950115204,0,0,0,0,0,0,0,0,0,3491744.4683981785,0,0,
284,536.1222019911174,5.780022303263333,0,0,0,0,0,0,0,0,0,793125.7535126242,3588281.769743821,2580588.047572643,
285,471.1067845103098,7.042633533478,0,0,0,0,0,0,0,0,0,3499059.9159386354,0,0,
286,817.5645544755009,8.742199897766,0,0,0,0,0,0,0,0,0,559092.5370634522,0,0,
287,639.293236103455,6.784655570984,0,0,0,0,0,0,0,0,0,595801.5991585273,1.0658258419502337E7,1.0932598483854469E7,
288,817.5650190249908,8.766850471497,0,0,0,0,0,0,0,0,0,557877.6319603552,0,0,
289,965.5560005809888,7.457950115204,0,0,0,0,0,0,0,0,0,2061892.9229109688,0,0,
290,533.6095202930745,5.7555751800540005,0,0,0,0,0,0,0,0,0,543255.4787287005,0,379683.5390241068,
291,605.2792284201365,6.866583347320667,0,0,0,0,0,0,0,0,0,528174.5642036275,4821582.255577091,3065094.556176222,
292,907.543873269507,6.635633468628,0,0,0,0,0,0,0,0,0,226181.34857040705,0,0,
293,924.2746053981327,7.731241464615,0,0,0,0,0,0,0,0,0,1755550.3470824258,207742.0583928796,0,
294,768.5642019625999,7.949044545491667,0,0,0,0,0,0,0,0,0,435870.7794991356,839389.959682133,396773.7288222356,
295,473.1046573413826,7.042633533478,0,0,0,0,0,0,0,0,0,2113464.0256813862,0,0,
296,555.2648355272157,5.780022303263333,0,0,0,0,0,0,0,0,0,407884.8144861348,2859848.953120225,1768270.4287977084,
297,775.5353907828072,8.279800097147668,0,0,0,0,0,0,0,0,0,525731.1365358119,1112584.5566242062,1696535.2551089344,
298,1019.2241392561837,8.797874927521,0,0,0,0,0,0,0,0,0,446059.90940766374,1322322.7926357992,0,
299,533.2783766922211,5.841849803925,0,0,0,0,0,0,0,0,0,0,1.4036501459803194E7,0,
300,533.2805652985115,5.742066860199,0,0,0,0,0,0,0,0,0,0,1.3204357053658782E7,0,
301,623.2853682350574,6.8600499629975005,0,0,0,0,0,0,0,0,0,0,5.030471095581503E7,2.2774487824267868E7,
302,270.3170445017439,3.945166707039,0,0,0,0,0,0,0,0,0,0,2.354906924039115E7,3.04133655941467E7,
303,623.2877676395455,7.139466762543,0,0,0,0,0,0,0,0,0,0,2.7116517760923486E7,0,
304,549.2754704636225,6.7250833511355,0,0,0,0,0,0,0,0,0,0,8430120.60663051,9637006.618271004,
305,533.2433627534585,5.788050174713,0,0,0,0,0,0,0,0,0,0,1.3482802535337504E7,7565003.603163898,
306,368.42583171680684,5.297308444977,0,0,0,0,0,0,0,0,0,0,6509632.887365646,7127675.4593742,
307,392.2954894944224,6.95265007019,0,0,0,0,0,0,0,0,0,0,2432555.054147609,0,
308,533.3134984027089,5.7783584594725,0,0,0,0,0,0,0,0,0,0,1.237184218151163E7,6940565.627151789,
309,623.2476066062239,6.870383262634,0,0,0,0,0,0,0,0,0,0,5741813.331321405,0,
310,623.3206318445882,6.870383262634,0,0,0,0,0,0,0,0,0,0,5509109.925614975,0,
311,270.4843549610272,3.945166707039,0,0,0,0,0,0,0,0,0,0,5364879.025316684,6041139.1252640495,
312,637.3034949091018,7.159583568573,0,0,0,0,0,0,0,0,0,0,5017899.695985202,0,
313,293.24893249584863,6.776483297348,0,0,0,0,0,0,0,0,0,0,4027355.1163803916,4754916.161738628,
314,1245.5743196010776,6.870199918747,0,0,0,0,0,0,0,0,0,0,3323639.491434923,2087703.97145013,
315,620.3792947361151,7.1229584217075,0,0,0,0,0,0,0,0,0,0,3477524.273794023,4398074.631729091,
316,597.3090547792244,7.133000135422,0,0,0,0,0,0,0,0,0,0,2502098.933915899,3427952.990199518,
317,680.3101454024527,6.519158363342,0,0,0,0,0,0,0,0,0,0,3380711.820428688,1858973.4545034864,
318,527.3061388114438,5.4486582279205,0,0,0,0,0,0,0,0,0,0,2023420.6892987646,2856404.4931698106,
319,785.4650907773698,6.7354750633239995,0,0,0,0,0,0,0,0,0,0,2133341.5436236053,3391139.5954508577,
320,532.2734182841627,6.787883281708,0,0,0,0,0,0,0,0,0,0,1752887.3400458442,0,
321,567.4209872474426,6.1165583133695005,0,0,0,0,0,0,0,0,0,0,2604286.8975615255,3764116.3546347655,
322,326.3424447110897,7.477066516876,0,0,0,0,0,0,0,0,0,0,1793022.105507881,2330492.3258689977,
323,626.2996713934258,6.870383262634,0,0,0,0,0,0,0,0,0,0,3604475.812821031,0,
324,585.4307321781744,7.319225072860499,0,0,0,0,0,0,0,0,0,0,2749596.000511335,4029099.1984820743,
325,553.2826577011007,6.6487333774565,0,0,0,0,0,0,0,0,0,0,2688517.589506399,4567707.080983814,
326,913.1668243624886,4.204999923706,0,0,0,0,0,0,0,0,0,0,1359452.1442071195,0,
327,914.5458890209525,7.217566728592,0,0,0,0,0,0,0,0,0,0,1289996.3366476004,2205310.3756582076,
328,624.8771007674902,6.870199918747,0,0,0,0,0,0,0,0,0,0,2976097.1390505303,1728126.9118369473,
329,410.22673463515684,4.939799785614,0,0,0,0,0,0,0,0,0,0,1896899.6685047206,0,
330,561.276072322175,6.309533119202,0,0,0,0,0,0,0,0,0,0,1851469.751845072,0,
331,622.304207740003,6.6174499988555,0,0,0,0,0,0,0,0,0,0,2282582.408262395,1644822.437445534,
332,623.7040905851347,6.870199918747,0,0,0,0,0,0,0,0,0,0,2254958.6461659614,1584675.0612253975,
333,584.4232140730221,6.7976915836335,0,0,0,0,0,0,0,0,0,0,2036241.2183877209,1974983.6983054304,
334,581.3995227312813,6.45586681366,0,0,0,0,0,0,0,0,0,0,1958828.1055130544,0,
335,416.23375126429056,4.459983348846,0,0,0,0,0,0,0,0,0,0,1125596.4868310846,0,
336,539.3061870133706,5.61234998703,0,0,0,0,0,0,0,0,0,0,543283.44009445,1646766.7334722856,
337,534.9030044535155,5.7783584594725,0,0,0,0,0,0,0,0,0,0,2101353.9029359682,1437605.9763095155,
338,331.2177863791535,2.379866600037,0,0,0,0,0,0,0,0,0,0,547756.2070952941,0,
339,929.1407088323679,4.204999923706,0,0,0,0,0,0,0,0,0,0,1008921.9746700095,0,
340,659.285454364894,7.159583568573,0,0,0,0,0,0,0,0,0,0,1301682.6302411412,0,
341,270.7016617675772,3.945166707039,0,0,0,0,0,0,0,0,0,0,944772.9537661613,1176214.9913829255,
342,270.58901801002867,3.945166707039,0,0,0,0,0,0,0,0,0,0,921585.0699092969,1116701.7770205732,
343,854.3592410504546,6.624333381653,0,0,0,0,0,0,0,0,0,0,2616222.9756993675,579352.9290993284,
344,423.3454014071524,7.041066646576,0,0,0,0,0,0,0,0,0,0,949098.6425488847,1294832.2609944968,
345,467.3719340193944,7.0206751823425,0,0,0,0,0,0,0,0,0,0,971964.7890293369,1485614.8197995126,
346,1283.5294066986378,6.859241724014501,0,0,0,0,0,0,0,0,0,0,1635604.5891616764,941376.6296619866,
347,391.2848995003047,7.34149980545,0,0,0,0,0,0,0,0,0,0,855954.9762793449,0,
348,432.3260042789406,7.614383220673,0,0,0,0,0,0,0,0,0,0,832284.1351299364,0,
349,476.3654957718614,7.309808492660499,0,0,0,0,0,0,0,0,0,0,866533.7785518349,999882.2465232112,
350,574.8240073824313,7.187333345413,0,0,0,0,0,0,0,0,0,0,3487657.2813148336,1555790.3989359315,
351,675.2679991341382,5.862416744232,0,0,0,0,0,0,0,0,0,0,416635.1017731468,0,
352,536.0377018617446,5.7783584594725,0,0,0,0,0,0,0,0,0,0,1504127.4010020087,1115104.5289978706,
353,1154.6397195617765,6.6594417095185,0,0,0,0,0,0,0,0,0,0,1542284.1556577825,2349622.726514157,
354,746.4763761271674,5.3073251247405,0,0,0,0,0,0,0,0,0,0,1061304.2031306443,1259285.7689162986,
355,270.6323951926461,3.945166707039,0,0,0,0,0,0,0,0,0,0,697395.1579568196,841779.16077308,
356,545.2576754264634,6.870383262634,0,0,0,0,0,0,0,0,0,0,920775.0202556779,0,
357,675.2804543040319,7.099050045013,0,0,0,0,0,0,0,0,0,0,1727365.6098157144,0,
358,284.29683944402314,6.787883281708,0,0,0,0,0,0,0,0,0,0,772753.0364631871,0,
359,536.2085792572192,5.78200006485,0,0,0,0,0,0,0,0,0,0,1203619.2983710177,0,
360,653.5581254992891,7.041066646576,0,0,0,0,0,0,0,0,0,0,1128911.387455,1987287.8614613533,
361,538.9407870681146,5.788050174713,0,0,0,0,0,0,0,0,0,0,1196689.9548535952,879128.925989514,
362,625.002776689426,6.870199918747,0,0,0,0,0,0,0,0,0,0,1180766.6453412764,881642.5946937604,
363,441.1890689803176,5.579100131989,0,0,0,0,0,0,0,0,0,0,660457.4438732786,0,
364,582.4047582253788,7.159583568573,0,0,0,0,0,0,0,0,0,0,588480.2156862072,0,
365,675.2660105164919,5.892899990081499,0,0,0,0,0,0,0,0,0,0,695572.2373900961,1878515.7130862703,
366,538.8362663064905,5.7783584594725,0,0,0,0,0,0,0,0,0,0,1058228.0801330747,856528.003141218,
367,924.2733761435427,7.67084980011,0,0,0,0,0,0,0,0,0,0,2565364.4614122226,0,
368,511.39747822061497,6.998549938202,0,0,0,0,0,0,0,0,0,0,600743.2571110728,0,
369,573.253272962366,6.870383262634,0,0,0,0,0,0,0,0,0,0,682206.9633146316,0,
370,571.4684497273495,7.357541561126499,0,0,0,0,0,0,0,0,0,0,796401.892793334,749911.2961530448,
371,413.32454035972665,6.190333366394,0,0,0,0,0,0,0,0,0,0,553702.6444468937,0,
372,270.5480334992276,3.95636677742,0,0,0,0,0,0,0,0,0,0,485954.59274821624,0,
373,149.02492768681483,7.34149980545,0,0,0,0,0,0,0,0,0,0,475637.57647056866,0,
374,537.5588230574683,5.7783584594725,0,0,0,0,0,0,0,0,0,0,947986.9297824139,686624.4526891626,
375,539.0474703637034,5.78200006485,0,0,0,0,0,0,0,0,0,0,880724.3426129484,0,
376,537.4308784356922,5.788050174713,0,0,0,0,0,0,0,0,0,0,932176.4685426056,736775.9968914958,
377,537.6738274860585,5.78200006485,0,0,0,0,0,0,0,0,0,0,918413.8624273157,0,
378,625.1003987229508,6.870383262634,0,0,0,0,0,0,0,0,0,0,658731.2279065931,0,
379,609.2729028214145,6.230150222778,0,0,0,0,0,0,0,0,0,0,594798.2038677908,0,
380,369.2986855193467,6.219841480255,0,0,0,0,0,0,0,0,0,0,536555.9877095805,922844.5935969613,
381,567.2971179021761,7.633250236511,0,0,0,0,0,0,0,0,0,0,776923.6765581127,0,
382,573.4879222582119,7.707916736603,0,0,0,0,0,0,0,0,0,0,567777.216829045,0,
383,535.0849956877082,5.801383495331,0,0,0,0,0,0,0,0,0,0,856652.630115803,0,
384,906.6176766653485,7.595499992371,0,0,0,0,0,0,0,0,0,0,718984.7035434023,0,
385,744.4625108361851,6.45586681366,0,0,0,0,0,0,0,0,0,0,524999.3947803723,0,
386,149.51480690036567,3.174333333969,0,0,0,0,0,0,0,0,0,0,477183.10663160495,0,
387,767.453306362434,5.8192083835605,0,0,0,0,0,0,0,0,0,0,718079.4788423392,1789921.0182158146,
388,595.3377507196162,6.45586681366,0,0,0,0,0,0,0,0,0,0,486213.9794255417,0,
389,540.2249388491938,5.788399934769,0,0,0,0,0,0,0,0,0,0,461251.92467847373,687407.1285425134,
390,702.2816329838479,5.579100131989,0,0,0,0,0,0,0,0,0,0,429297.32859873923,0,
391,595.3370632932539,6.5403668880465,0,0,0,0,0,0,0,0,0,0,241009.73721502887,1970136.5643448774,
392,507.3307524920592,5.185216665267999,0,0,0,0,0,0,0,0,0,0,450597.3784493339,682336.3259020395,
393,581.8321680184524,7.020941734314,0,0,0,0,0,0,0,0,0,0,1160248.3837590802,3196649.382493344,
394,439.1880767568468,5.9035749435425,0,0,0,0,0,0,0,0,0,0,431023.07803182333,728453.3922262664,
395,537.5009553776125,5.78200006485,0,0,0,0,0,0,0,0,0,0,728790.199352292,0,
396,375.2515872111771,5.220499992371,0,0,0,0,0,0,0,0,0,0,463065.7770617219,0,
397,745.4880932811991,6.45586681366,0,0,0,0,0,0,0,0,0,0,459785.0323359277,0,
398,326.22322913141466,2.939699888229,0,0,0,0,0,0,0,0,0,0,290681.1517721514,0,
399,591.4993474702953,7.788083553314,0,0,0,0,0,0,0,0,0,0,425210.1890522989,0,
400,753.4726258983667,6.1165583133695005,0,0,0,0,0,0,0,0,0,0,457521.6449030852,789675.7896711873,
401,537.6168242436602,5.78200006485,0,0,0,0,0,0,0,0,0,0,711523.4865471366,0,
402,405.6841010807419,6.6594417095185,0,0,0,0,0,0,0,0,0,0,842049.8460226277,1273513.792261125,
403,582.4063830225468,7.079083442688,0,0,0,0,0,0,0,0,0,0,209838.62876922637,0,
404,581.8326001871435,6.912166595459,0,0,0,0,0,0,0,0,0,0,436241.8672742214,0,
405,767.4515932593048,6.45586681366,0,0,0,0,0,0,0,0,0,0,472262.43560705497,0,
406,625.0296187325539,6.870383262634,0,0,0,0,0,0,0,0,0,0,461738.8420641823,0,
407,537.7351385186096,5.801383495331,0,0,0,0,0,0,0,0,0,0,471968.63643723493,0,
408,749.5193330299836,8.1639499664305,0,0,0,0,0,0,0,0,0,0,376576.6355790079,698268.1075549226,
409,170.0280792464087,3.174333333969,0,0,0,0,0,0,0,0,0,0,379067.68150264455,0,
410,591.4989810921563,7.707916736603,0,0,0,0,0,0,0,0,0,0,425379.52538784186,0,
411,567.0659687252194,6.6594417095185,0,0,0,0,0,0,0,0,0,0,757724.886010994,1055002.462256235,
412,536.1513975417315,5.78200006485,0,0,0,0,0,0,0,0,0,0,449430.138326196,0,
413,533.5218618409033,5.746966838837,0,0,0,0,0,0,0,0,0,0,0,6712043.912949482,
414,477.21817464466733,4.396566867828,0,0,0,0,0,0,0,0,0,0,0,3946196.472548945,
415,566.8277178574953,6.58930015564,0,0,0,0,0,0,0,0,0,0,0,4076559.9380482542,
416,1132.6579198918664,6.58930015564,0,0,0,0,0,0,0,0,0,0,0,2632172.514200108,
417,427.67949422126435,6.58930015564,0,0,0,0,0,0,0,0,0,0,0,2419928.9871456763,
418,645.2713520511685,6.898149967194,0,0,0,0,0,0,0,0,0,0,0,3416909.592206111,
419,534.8317107971152,5.746966838837,0,0,0,0,0,0,0,0,0,0,0,1621150.2035950215,
420,418.6740811402203,6.58930015564,0,0,0,0,0,0,0,0,0,0,0,1757728.5023911723,
421,533.6652265710591,5.746966838837,0,0,0,0,0,0,0,0,0,0,0,1465474.6897358766,
422,887.5702259715036,8.4420337677,0,0,0,0,0,0,0,0,0,0,0,1.0227193624998393E7,
423,656.3864311312557,6.148349761963,0,0,0,0,0,0,0,0,0,0,0,2884437.941868392,
424,680.3097807736813,5.605383396149,0,0,0,0,0,0,0,0,0,0,0,2314226.8246070435,
425,398.2269108647926,4.561600208282,0,0,0,0,0,0,0,0,0,0,0,2673163.072361554,
426,887.5713942887237,8.418549537659,0,0,0,0,0,0,0,0,0,0,0,5734576.421595763,
427,937.5901996970808,7.718066692352,0,0,0,0,0,0,0,0,0,0,0,3987522.292921507,
428,376.26400935367053,4.046700000763,0,0,0,0,0,0,0,0,0,0,0,2498641.4879628783,
429,534.95943765531,5.746966838837,0,0,0,0,0,0,0,0,0,0,0,1082272.512085371,
430,534.7296173208042,5.746966838837,0,0,0,0,0,0,0,0,0,0,0,994812.2951062387,
431,622.3036422990975,6.420133113861,0,0,0,0,0,0,0,0,0,0,0,2048762.2576438752,
432,536.121382811074,5.746966838837,0,0,0,0,0,0,0,0,0,0,0,711774.0658503602,
433,854.357608540793,6.659516811371,0,0,0,0,0,0,0,0,0,0,0,3339767.356239779,
434,522.2032391713162,5.008366584778,0,0,0,0,0,0,0,0,0,0,0,1156001.2727229588,
435,574.8253520435319,7.167699813843,0,0,0,0,0,0,0,0,0,0,0,3203794.322675645,
436,661.250824533677,5.476616859436,0,0,0,0,0,0,0,0,0,0,0,620564.8433297111,
437,661.2454812499457,6.898149967194,0,0,0,0,0,0,0,0,0,0,0,830638.5965433904,
438,624.7728161603775,6.87001657486,0,0,0,0,0,0,0,0,0,0,0,875538.0381908438,
439,533.6079871646463,5.774716854095,0,0,0,0,0,0,0,0,0,0,0,1030400.7036388757,
440,600.4217815880393,6.981649875641,0,0,0,0,0,0,0,0,0,0,0,959440.3810671037,
441,953.5647208006937,7.718066692352,0,0,0,0,0,0,0,0,0,0,0,1321506.3472821226,
442,601.4638636331988,7.478449821472,0,0,0,0,0,0,0,0,0,0,0,803547.0693290869,
443,536.0368863875391,5.746966838837,0,0,0,0,0,0,0,0,0,0,0,381869.6146877118,
444,815.4754131517054,6.681300163269,0,0,0,0,0,0,0,0,0,0,0,1268787.1756093795,
445,448.35764315134156,4.22221660614,0,0,0,0,0,0,0,0,0,0,0,678174.0013718582,
446,932.6348711942385,7.718066692352,0,0,0,0,0,0,0,0,0,0,0,1006119.314514731,
447,563.3898855085014,5.83703327179,0,0,0,0,0,0,0,0,0,0,0,1022365.6993308731,
448,600.4189462371237,6.189066886902,0,0,0,0,0,0,0,0,0,0,0,383757.039006122,
449,903.5666429458051,8.049833297729,0,0,0,0,0,0,0,0,0,0,0,3923345.908246038,
450,464.1113663620996,7.674133300781,0,0,0,0,0,0,0,0,0,0,0,4959387.597697995,
451,865.626244536353,7.31575012207,0,0,0,0,0,0,0,0,0,0,0,610926.2995460633,
452,903.6007412167511,8.76438331604,0,0,0,0,0,0,0,0,0,0,0,1445642.1902579323,
453,777.5723424087677,7.374183177948,0,0,0,0,0,0,0,0,0,0,0,614769.0709681865,
454,284.3325701859799,4.659533500671,0,0,0,0,0,0,0,0,0,0,0,384637.47197766986,
455,1148.655223848543,7.085133552551,0,0,0,0,0,0,0,0,0,0,0,1078621.3741392111,
456,793.5474174986189,7.374183177948,0,0,0,0,0,0,0,0,0,0,0,567658.0807860179,
457,419.27832771958623,5.235799789429,0,0,0,0,0,0,0,0,0,0,0,275588.956824581,
458,1148.6545415196733,7.195000171661,0,0,0,0,0,0,0,0,0,0,0,266960.5436083149,
459,789.494541154397,7.936833381653,0,0,0,0,0,0,0,0,0,0,0,445307.74822273455,
460,724.5377977077126,4.988266468048,0,0,0,0,0,0,0,0,0,0,0,435323.0154955649,
461,1170.614258940652,6.659516811371,0,0,0,0,0,0,0,0,0,0,0,509192.9029239662,
462,793.5660357163134,6.681300163269,0,0,0,0,0,0,0,0,0,0,0,213598.92568167523,
463,472.6152827139385,7.61656665802,0,0,0,0,0,0,0,0,0,0,0,387434.8322919934,
464,396.67872796470976,6.659516811371,0,0,0,0,0,0,0,0,0,0,0,653959.8835644833,
465,1023.573611393153,8.545900344849,0,0,0,0,0,0,0,0,0,0,0,530579.245163561,
466,810.3674545774527,6.659516811371,0,0,0,0,0,0,0,0,0,0,0,445122.95184834953,
467,442.6840864466528,7.043333530426,0,0,0,0,0,0,0,0,0,0,0,424972.9564452551,
