F2_20211214,F1_20211213,F4_20211213,F3_20211213,F4_20211214,F5_20211213,F3_20211214,F1_20211214,F2_20211213,F5_20211214,F6_20211214,F6_20211213
50755003.49772601,0.0,0.0,0.0,0.0,0.0,2779493.527538601,8544496.757836984,0.0,0.0,0.0,0.0
46660639.48031365,0.0,0.0,0.0,0.0,0.0,0.0,6644209.905796491,0.0,0.0,0.0,0.0
23115114.63515332,0.0,0.0,0.0,0.0,22642821.78695815,2076846.81691278,0.0,0.0,11857291.22322558,3276213.570193178,0.0
5455984.439484069,0.0,0.0,0.0,1399402.0490097068,0.0,4596321.055066238,2305655.5086270133,2049277.464972644,3240455.0692563104,2033892.6304756675,0.0
4897159.860951369,0.0,0.0,0.0,1170269.4438779666,0.0,3688926.4899828257,2101691.5815717643,0.0,2570291.4194874475,1166927.6742008468,0.0
3414359.524662274,0.0,0.0,0.0,0.0,0.0,2562295.9812141983,1954022.115042828,0.0,2433170.8209206024,0.0,0.0
1560227.257276402,0.0,0.0,0.0,0.0,0.0,0.0,0.0,2291267.1808971968,0.0,0.0,0.0
3099285.673339464,0.0,0.0,0.0,731264.1052071397,0.0,2799018.3139456245,1383782.283471107,1891528.83989022,1662001.2124561176,733410.9126297301,0.0
3133710.281638162,0.0,0.0,0.0,0.0,0.0,1757859.1579091272,1358644.316535456,0.0,1560669.6669265225,652978.491782619,0.0
2646617.6280144188,0.0,0.0,0.0,0.0,0.0,1553176.5894045606,1018700.3930248072,0.0,1413602.0523565502,0.0,0.0
2642595.4751630463,0.0,0.0,0.0,0.0,0.0,1673283.2156809117,1109100.6574820464,0.0,1485082.2831258646,0.0,0.0
2182562.421605899,0.0,0.0,0.0,541538.2134257283,0.0,2168466.2171811378,1096796.2359788087,0.0,1136222.4576611998,525470.1808810579,0.0
2130343.2726640627,0.0,0.0,0.0,0.0,0.0,0.0,0.0,3907610.2275431966,0.0,0.0,0.0
1807415.0827091716,0.0,1075078.2206801183,986011.047917952,1670184.3088965327,0.0,1625984.7163523445,1923636.7316054297,920795.212750454,0.0,0.0,0.0
2052065.2294212447,0.0,0.0,0.0,0.0,0.0,1026233.153771602,792851.5346780822,0.0,1028951.3507369264,0.0,0.0
1358370.4766635243,0.0,0.0,0.0,0.0,0.0,1028256.4806137888,674353.2705255002,0.0,917934.7565390276,0.0,0.0
2614081.9618958198,1393231.6856917725,1667142.1025903232,1565104.8881435758,2603172.529140721,1468662.2137765542,2836455.2927770587,2922802.579160199,1141869.640238756,707848.9354978389,720041.4514084149,0.0
3129232.3604846145,0.0,0.0,0.0,3218252.535714784,0.0,2783266.837891477,3451195.6587356366,0.0,0.0,2246966.611983533,0.0
1074619.491804798,0.0,0.0,0.0,0.0,0.0,1081637.695935009,0.0,0.0,0.0,0.0,0.0
850721.2560489948,0.0,0.0,0.0,0.0,0.0,1480955.7076445953,1804006.2276816573,0.0,4239643.61086947,1250643.7346889756,0.0
1832588.8720110697,0.0,0.0,0.0,0.0,0.0,391855.14960490016,0.0,1360352.197611477,0.0,0.0,0.0
1560188.001360073,4424502.541747547,954625.1345333984,3900642.3868151233,3223870.3350103903,3822104.219566663,2525471.847888784,2900910.2018734897,0.0,3721852.452453311,2868196.138283157,1299086.090460222
1423040.6775687577,0.0,0.0,0.0,1728347.469516114,0.0,885406.1522043194,659914.5518557382,0.0,1734186.8094104722,4194762.251803962,5913459.164415237
2702722.17338783,0.0,0.0,0.0,2448178.9674141854,0.0,2926896.4694549195,2906791.977627416,0.0,2228512.0168848005,1551294.747110281,0.0
924205.9764692948,0.0,0.0,0.0,0.0,0.0,685272.3032720697,0.0,0.0,0.0,0.0,0.0
895835.4560564865,0.0,0.0,0.0,0.0,0.0,390978.7874618356,0.0,0.0,0.0,0.0,0.0
1624573.2421091376,1274516.6302353125,1060621.1143899066,734761.980049989,1716333.586002166,710618.7748536395,1869207.73584016,1818923.62760549,317143.5200766692,1794017.9895311894,1668274.786886027,1110532.331512328
5947300.387195832,0.0,0.0,0.0,4037212.544724639,0.0,6381672.171714738,6142820.040784886,0.0,4158608.075264961,5741461.5191940935,0.0
5616014.314286132,0.0,0.0,0.0,6320604.349233444,0.0,5045408.486312842,4032743.870379173,0.0,6341263.294748914,3706121.294579897,0.0
1614326.4654531695,2390554.4963168097,3358272.545192187,3015765.520177025,664895.2867369355,2874039.5172657515,1726167.102534682,753392.1283829892,2578972.5016733957,1536903.2242592876,773684.0431799352,2656910.598808808
3809408.8046149896,0.0,0.0,0.0,4356053.546888243,0.0,4358166.993531181,4587871.085215468,0.0,959823.0521543568,3608304.7292183912,0.0
556448.0795104727,0.0,0.0,0.0,0.0,0.0,0.0,0.0,419216.75171336473,0.0,0.0,0.0
4893035.83831072,0.0,0.0,0.0,0.0,0.0,0.0,0.0,0.0,0.0,0.0,0.0
2093898.5743433656,0.0,0.0,617474.9696314107,2337079.5565235927,1488095.5382690246,1683031.614732106,3599059.8885230864,2577763.1369046043,2568485.417978163,4355291.458664658,2513331.3542945413
4468455.451912756,3529752.1526459325,5879498.752654266,5656994.662893429,2043884.419064988,5309646.097060299,3752629.064346007,0.0,5302603.535904892,2901530.262634318,1587740.3328448292,5841176.064099876
3422167.150422407,4112319.905874324,2050923.828584895,2611960.038513327,2034898.9689611872,2163896.1335183685,2316823.955917788,2297575.0050974265,2715608.205742616,1836211.5449550275,0.0,1218505.4076087624
1058760.723517151,0.0,0.0,0.0,1057505.002686562,0.0,1055735.8357131972,1087424.6247367635,0.0,0.0,1045510.9023597664,0.0
3568765.8466946427,0.0,0.0,0.0,0.0,0.0,0.0,0.0,0.0,0.0,0.0,0.0
3441358.457934401,0.0,3641560.594607687,421888.9816430468,0.0,0.0,0.0,0.0,4481742.493994523,0.0,0.0,3051029.862720298
3165961.374238404,0.0,0.0,1373611.253463752,0.0,0.0,0.0,2104149.3264243747,0.0,0.0,0.0,0.0
1217901.1534733144,364169.29344725946,763860.1506788195,634745.3319033036,1374073.9081897093,483433.5529852124,1165326.3658761217,966315.854692857,946828.9732489744,1160463.6884023196,1100427.456711021,735462.897687264
601829.7551559475,0.0,0.0,0.0,0.0,0.0,0.0,0.0,0.0,0.0,0.0,0.0
548680.2738608669,0.0,0.0,0.0,0.0,0.0,0.0,0.0,1007356.7952465848,0.0,0.0,0.0
888775.814581197,355773.147329751,0.0,0.0,0.0,0.0,0.0,0.0,1063272.5730955054,0.0,0.0,0.0
1056486.3392861185,1560404.8823586814,1554660.7483452852,1535503.773247295,577561.4348086425,1398957.0741658246,875905.8240360369,478737.2034310428,1312540.5954894584,971692.307258662,553207.0050464857,1286326.803219881
851039.8499286361,0.0,4892391.140277334,0.0,0.0,0.0,0.0,4369656.371363058,0.0,0.0,0.0,0.0
561693.4216703144,0.0,1613778.4957714966,14087045.583660388,0.0,0.0,658985.7450601159,0.0,4399872.126010277,787044.9878679542,0.0,0.0
891453.6603251147,1803464.0282234447,1741786.381700591,1506726.2144390773,1017106.7752824372,1389398.3066611288,1013575.237367523,1041011.0258980896,1315493.4522393595,783886.7026192071,428848.25791999686,820153.5627092045
603344.5199416954,0.0,0.0,0.0,0.0,0.0,0.0,0.0,0.0,0.0,0.0,0.0
260801.90847542053,4142877.603364226,0.0,0.0,0.0,0.0,1184204.882355242,1672063.0498438748,0.0,0.0,0.0,0.0
2062102.8736796551,2184300.658611285,1879997.4073075228,2624332.5593440803,2351680.1664634543,2274377.648988584,2232512.4645207957,3023402.021207871,2408734.4151960327,2456015.252930923,0.0,0.0
2524914.2229132503,0.0,0.0,0.0,2499754.82422623,0.0,2688629.333380484,3324102.134599318,0.0,2624081.345236208,1463832.7610361148,0.0
2135681.0931844823,0.0,0.0,0.0,2649203.998378806,0.0,2504667.798194691,2820099.325077606,0.0,584096.3793395673,1457222.1949742995,0.0
525154.2607671524,0.0,0.0,0.0,530926.7533030116,0.0,515556.3477167139,521464.4990753116,0.0,0.0,0.0,0.0
680942.3430382779,0.0,0.0,1029062.6013730206,0.0,0.0,769003.3224816008,0.0,1032564.78191771,0.0,0.0,406686.6133117999
707164.4752306191,1012699.7188302228,1742836.9767203787,1625374.248404876,944085.246821743,1322237.025811962,851220.9416918189,828073.2378015275,1308186.5967519782,0.0,909642.3945806174,1671798.4698236778
486652.9452590985,0.0,0.0,0.0,0.0,0.0,0.0,0.0,0.0,0.0,0.0,0.0
677303.2708148616,0.0,526317.0545987402,511171.05396677664,435901.0434514981,0.0,480280.6670756188,490650.7255349478,0.0,0.0,0.0,0.0
298904.178056841,0.0,0.0,0.0,1096917.2018776832,0.0,0.0,401740.9897189502,521684.57619358826,1201793.3904437604,0.0,0.0
1154547.394017392,0.0,0.0,0.0,0.0,0.0,0.0,0.0,0.0,0.0,0.0,0.0
404211.7831423712,0.0,0.0,0.0,431044.8521245871,0.0,0.0,0.0,0.0,361808.5288212646,0.0,0.0
1982248.0284908933,0.0,0.0,0.0,0.0,0.0,0.0,0.0,0.0,0.0,0.0,0.0
915845.7169849124,0.0,0.0,0.0,755776.8922170787,0.0,739461.9760430816,0.0,0.0,0.0,0.0,0.0
828846.8951351978,1175917.078102631,1297175.2766854814,1725797.833572087,0.0,1013306.0620316018,0.0,0.0,1632259.182472241,0.0,993452.9518065836,1223542.3941112612
0.0,42448063.45799451,26044388.69827073,25599528.820965715,0.0,31816479.896845862,0.0,0.0,22862439.28965162,0.0,0.0,48761699.39457374
0.0,21380452.367601003,17741962.00206322,18815362.96913184,0.0,17814462.620277856,0.0,0.0,16299316.181116473,0.0,0.0,20871549.37357282
0.0,17254727.762674507,10250568.892838504,13368339.517070357,0.0,4969757.00728912,0.0,0.0,11042855.898498803,0.0,0.0,2195305.3976322957
0.0,7372274.577153401,9127731.169213198,8264311.852429287,0.0,9435072.45359839,0.0,0.0,7842879.381957971,0.0,0.0,9303865.230190383
0.0,2914903.4476268776,1880789.984576982,1898740.060445784,0.0,1525075.2994871538,0.0,0.0,1698147.6028942596,0.0,0.0,2966056.3882680256
0.0,3408644.323376004,4239369.690291749,4206642.112580874,0.0,3114059.242188597,0.0,0.0,3095025.040284249,0.0,0.0,2360771.634903397
0.0,11529553.684527908,0.0,0.0,0.0,0.0,0.0,5253197.343251678,92450267.37246056,0.0,0.0,0.0
0.0,11372727.824941857,0.0,0.0,0.0,11433435.02177285,0.0,7630983.603025642,36139449.436914295,0.0,0.0,0.0
0.0,1316487.1293392226,3043135.844355863,1435935.4931638618,1407719.5684583487,1791463.852919777,0.0,0.0,925404.7973021202,677270.8318524642,1379217.2854921818,2141408.514554485
0.0,1017493.7614677808,0.0,0.0,0.0,0.0,0.0,0.0,0.0,0.0,0.0,0.0
0.0,1435603.9594304236,1325956.0145744353,1735934.8775618265,0.0,1042818.293278216,0.0,0.0,1062199.1404270178,0.0,0.0,859365.9942270529
0.0,1055942.3961543909,778966.6242476157,0.0,0.0,0.0,0.0,0.0,0.0,0.0,0.0,930502.9148306923
0.0,5418244.136772627,0.0,0.0,0.0,0.0,0.0,0.0,2815114.6270181304,0.0,0.0,0.0
0.0,3512893.8200263088,0.0,0.0,0.0,2833726.2923262725,0.0,0.0,0.0,0.0,0.0,1984275.97269134
0.0,843477.1145516058,3348092.940984706,0.0,0.0,0.0,0.0,0.0,4093459.349640026,0.0,0.0,0.0
0.0,747238.7838029761,0.0,0.0,0.0,0.0,0.0,0.0,0.0,0.0,0.0,0.0
0.0,732321.1611857156,0.0,0.0,0.0,0.0,0.0,0.0,654525.5542995852,0.0,0.0,0.0
0.0,708021.5188670577,0.0,0.0,0.0,0.0,0.0,0.0,588619.1006555024,0.0,0.0,0.0
0.0,693010.212584191,0.0,0.0,0.0,0.0,0.0,0.0,0.0,0.0,0.0,695881.8646899426
0.0,1237418.3259819914,0.0,721773.9457420304,0.0,0.0,0.0,0.0,0.0,0.0,0.0,0.0
0.0,1039180.561807463,4566050.570912522,1971680.2213930185,1854492.652428817,0.0,814162.7423649533,2823339.9770449838,0.0,0.0,0.0,0.0
0.0,1771337.3399709223,1540206.1434342104,1449437.2630183932,196887.36414893184,1397272.748929026,0.0,0.0,1478230.274161775,0.0,215206.9128620409,1629492.0452489117
0.0,710451.6788996106,1249880.468032281,1333839.043813003,674769.4346701789,850798.6559050692,1189738.5836504437,999770.827478724,0.0,0.0,0.0,0.0
0.0,1094837.451503958,1709799.5633141107,1252484.5594647855,873741.5590295331,1301576.283001549,456708.2936093668,660443.3854105211,1187261.8830498103,745787.0314987766,740963.5664813281,1766981.5816858022
0.0,2540009.966478268,0.0,0.0,0.0,0.0,0.0,0.0,4251346.81303138,0.0,0.0,0.0
0.0,578152.470528032,619282.7186882137,549747.3725462522,0.0,608372.3817104397,0.0,0.0,620067.7084840271,0.0,0.0,763374.5386862447
0.0,4720403.46427527,4310504.68772538,4961315.935503587,0.0,3238075.662815137,0.0,0.0,0.0,0.0,0.0,0.0
0.0,3312532.994067902,0.0,0.0,0.0,0.0,0.0,0.0,0.0,0.0,0.0,0.0
0.0,4808972.267800522,0.0,4522664.988618822,0.0,0.0,0.0,0.0,3574840.919540168,0.0,0.0,0.0
0.0,3212451.0807601395,4079055.0577003146,4387855.110203209,0.0,0.0,0.0,0.0,3919646.9218249535,0.0,0.0,0.0
0.0,332236.22765627544,3525293.838974419,0.0,0.0,3569931.180889808,0.0,0.0,3681284.508092465,0.0,0.0,0.0
0.0,5060203.448039444,4348391.90139712,4877346.511917178,0.0,2646775.107025734,0.0,0.0,3964151.152618885,0.0,0.0,0.0
0.0,558752.6255755591,650676.625495122,506783.8859023704,0.0,0.0,0.0,0.0,0.0,0.0,0.0,0.0
0.0,1013338.4250453068,0.0,0.0,0.0,0.0,0.0,0.0,0.0,0.0,0.0,0.0
0.0,535078.111067811,0.0,512836.0983892484,0.0,0.0,0.0,0.0,0.0,0.0,0.0,0.0
0.0,947656.7828718126,764503.6073229678,792970.000816643,666766.8863844696,710249.2091176147,795105.910354725,658024.8636061181,684022.8019952768,0.0,675624.5178125809,1022091.7461891609
0.0,500143.8202394795,1264750.927495563,0.0,606630.0644084432,0.0,0.0,0.0,0.0,0.0,0.0,0.0
0.0,3458483.362495345,0.0,3036332.45042313,0.0,0.0,0.0,0.0,0.0,0.0,0.0,0.0
0.0,3939920.1716921134,4213747.760868177,4278615.375389408,0.0,3084014.7970439107,0.0,0.0,3869120.219403827,0.0,0.0,0.0
0.0,583528.8130296625,596514.1735323957,520395.1567780224,0.0,516058.7948903532,0.0,0.0,717860.7322412671,0.0,0.0,533775.0508501155
0.0,1272013.39281662,0.0,0.0,0.0,0.0,0.0,0.0,0.0,0.0,0.0,0.0
0.0,476652.32257663633,0.0,0.0,0.0,0.0,0.0,0.0,0.0,0.0,0.0,277493.0755172131
0.0,481013.85493400926,232037.06083806933,249647.0751381993,0.0,214990.7248575348,0.0,0.0,0.0,0.0,0.0,0.0
0.0,242925.6099747004,532685.1124079672,463315.65597861016,0.0,460177.94847660087,0.0,0.0,0.0,0.0,0.0,0.0
0.0,2035561.627176029,0.0,0.0,0.0,0.0,0.0,0.0,0.0,0.0,0.0,0.0
0.0,511911.3858618732,254557.4072283716,283664.5928278294,0.0,0.0,0.0,0.0,544988.0230096758,0.0,0.0,0.0
0.0,739687.8013664728,709285.9839757576,1020056.4912181668,0.0,0.0,0.0,0.0,0.0,0.0,0.0,0.0
0.0,2409955.1997698448,0.0,0.0,0.0,0.0,0.0,0.0,0.0,0.0,0.0,0.0
0.0,229281.4360931622,0.0,0.0,0.0,0.0,0.0,0.0,0.0,0.0,0.0,0.0
0.0,412346.5279158675,0.0,0.0,0.0,0.0,0.0,0.0,0.0,0.0,0.0,0.0
0.0,851107.2363435556,1639769.520208846,1539649.3622168156,0.0,0.0,0.0,0.0,1473043.3810475436,0.0,0.0,0.0
0.0,405547.2936757891,0.0,0.0,0.0,0.0,0.0,0.0,383692.3416354532,0.0,0.0,0.0
0.0,994511.7700106164,1887158.946583148,1779409.7197636152,0.0,1682464.2457505327,0.0,0.0,1679529.581593251,0.0,0.0,0.0
0.0,378291.3589837492,0.0,0.0,0.0,0.0,0.0,0.0,387966.6854893944,0.0,0.0,0.0
0.0,1673635.4862140685,0.0,0.0,0.0,0.0,0.0,0.0,0.0,0.0,0.0,0.0
0.0,0.0,17987168.745373666,0.0,26013252.90819304,0.0,673212.8403535625,0.0,0.0,43868757.17668624,49878644.08512701,0.0
0.0,0.0,8879188.801718228,0.0,17749306.79655048,22067576.647064853,876717.6358459697,0.0,0.0,31563555.490173742,0.0,29691920.88160144
0.0,0.0,7498647.601459221,2811811.653700426,4573113.831956223,0.0,1918715.4031754376,0.0,0.0,0.0,0.0,0.0
0.0,0.0,11509090.175368968,2098075.6754911374,8388450.164831067,2085961.8085619493,2290453.0459349733,0.0,0.0,1908912.8863246045,1800973.1825513928,1936999.5648817543
0.0,0.0,24753914.51092356,24935116.337052915,0.0,28708299.04053948,0.0,0.0,22160016.081747875,0.0,0.0,0.0
0.0,0.0,3269627.699533942,0.0,6705831.820314862,1477818.3572156753,887329.3998686876,0.0,0.0,851878.3316883116,1595556.5803377754,1110495.0287650188
0.0,0.0,3868441.984037816,0.0,4794949.1012831945,1688489.7016854929,826201.4505735631,0.0,0.0,1495904.346994674,2206231.6183551587,3011300.3627272686
0.0,0.0,5283176.86225133,0.0,5551088.461008147,1758060.2236215945,0.0,0.0,0.0,0.0,10357739.30524126,16225993.128721343
0.0,0.0,4562384.926412713,0.0,3430888.631401796,1625102.9611054696,0.0,0.0,0.0,960064.7851961711,899760.9977516951,2095887.958550456
0.0,0.0,3006149.583374277,1141249.036975537,0.0,1597927.0215871818,0.0,0.0,890883.7082330552,729935.5422121609,1914610.772540476,2300201.6065030266
0.0,0.0,2127068.393385534,0.0,3403502.566948412,5669988.736321891,0.0,0.0,0.0,6383760.22210459,14024248.024996947,7926973.98432402
0.0,0.0,3177484.055850531,0.0,2224452.9952018475,0.0,683689.4021059235,0.0,0.0,587434.9786975058,0.0,0.0
0.0,0.0,8874662.265444268,41387869.78419134,0.0,0.0,0.0,0.0,0.0,0.0,0.0,0.0
0.0,0.0,2842043.7721065544,0.0,2258946.677712451,13811490.011365548,0.0,0.0,0.0,12155034.337478962,34477471.24955496,22375825.17437996
0.0,0.0,2945217.9022487933,0.0,2478130.8020155835,4319630.678140504,0.0,0.0,0.0,4259767.437301544,5934773.480962448,2286296.978490888
0.0,0.0,2131381.2590432363,989297.6168784972,1048260.9845176106,1214368.5496113356,0.0,0.0,687902.1685339538,0.0,0.0,1613047.2641084543
0.0,0.0,1708067.358491328,2231703.159875968,1234749.9557242934,0.0,1687686.998591225,0.0,0.0,0.0,0.0,0.0
0.0,0.0,2181179.745128887,0.0,1768760.75415948,0.0,0.0,0.0,0.0,1952556.9287462956,2758544.994789658,6124303.125112553
0.0,0.0,1536691.717812501,0.0,1610821.4940304668,0.0,948804.9333614896,0.0,0.0,0.0,0.0,0.0
0.0,0.0,1335401.616205796,0.0,1423994.2339385103,568293.0272374919,0.0,0.0,0.0,0.0,0.0,833520.2104827487
0.0,0.0,1518208.9003867228,0.0,738984.06722583,0.0,0.0,0.0,0.0,0.0,0.0,0.0
0.0,0.0,1727896.082585748,788624.17983813,0.0,1087131.821472864,458702.2953619427,372826.40439556167,0.0,673496.107876014,1257637.5597221768,2177902.50149942
0.0,0.0,1561539.5037261054,707301.2398687657,716791.4470349925,843418.0680830709,0.0,0.0,0.0,0.0,0.0,0.0
0.0,0.0,4992999.462130848,0.0,0.0,0.0,0.0,0.0,0.0,0.0,0.0,0.0
0.0,0.0,1790890.57177842,0.0,1253255.6970268688,0.0,0.0,0.0,0.0,448138.4984109723,0.0,0.0
0.0,0.0,1489534.8342574076,0.0,726962.0100286894,0.0,0.0,0.0,0.0,0.0,0.0,528768.1347164274
0.0,0.0,671130.5640766426,0.0,0.0,641583.2949198583,0.0,0.0,0.0,262778.4871783837,0.0,0.0
0.0,0.0,1265449.0669447966,0.0,0.0,0.0,0.0,0.0,0.0,0.0,0.0,0.0
0.0,0.0,1141914.5497689196,0.0,954151.1538456768,2927710.3363392176,0.0,0.0,0.0,3041762.7934375955,7764026.99716864,12314745.850947827
0.0,0.0,1062539.9707742722,0.0,747441.1045582008,1056600.58623919,0.0,0.0,0.0,1058047.567825789,1765843.1119348924,687807.7490537299
0.0,0.0,982302.1819441544,0.0,0.0,1724924.0839153486,0.0,0.0,0.0,0.0,1932461.0641562736,2916686.2074653544
0.0,0.0,694111.7783634715,0.0,632050.2060748248,0.0,0.0,0.0,0.0,0.0,0.0,492126.6554214449
0.0,0.0,902207.217493801,0.0,636994.3259137635,0.0,0.0,0.0,0.0,0.0,0.0,0.0
0.0,0.0,1772167.6913723026,0.0,987446.5009459468,3059672.253932834,0.0,0.0,0.0,2418628.3987746923,34321629.32226524,38209497.32807109
0.0,0.0,1061260.8965919632,0.0,0.0,0.0,0.0,0.0,0.0,0.0,0.0,0.0
0.0,0.0,794291.4265354434,0.0,723789.5423232142,0.0,0.0,0.0,0.0,0.0,0.0,0.0
0.0,0.0,842660.5612070366,0.0,786904.7409135635,1208958.5227687252,0.0,0.0,0.0,892832.3334427823,2606503.0732671134,4190278.088108196
0.0,0.0,2734948.15991827,0.0,0.0,0.0,0.0,716065.9139923304,0.0,0.0,0.0,0.0
0.0,0.0,891675.1157864676,0.0,707639.5636770646,0.0,0.0,0.0,0.0,0.0,0.0,0.0
0.0,0.0,549840.7957269351,0.0,427115.9166561287,0.0,0.0,0.0,0.0,0.0,966619.701087939,687815.2783360129
0.0,0.0,713439.6335215851,3026941.04897523,0.0,0.0,3025422.2949205483,0.0,0.0,0.0,0.0,0.0
0.0,0.0,280170.1429678623,0.0,0.0,0.0,0.0,0.0,0.0,0.0,0.0,0.0
0.0,0.0,2174303.4267446166,0.0,0.0,0.0,0.0,718885.455749716,0.0,0.0,0.0,0.0
0.0,0.0,1546897.1253946514,0.0,0.0,0.0,0.0,0.0,0.0,0.0,0.0,0.0
0.0,0.0,556861.8980780963,0.0,0.0,0.0,0.0,0.0,0.0,0.0,846872.6734330693,788229.7337696101
0.0,0.0,3117418.376294443,0.0,0.0,3278881.6921617724,0.0,0.0,0.0,0.0,0.0,1217608.4512312678
0.0,0.0,3240218.0925348923,3951406.3884861455,0.0,0.0,0.0,0.0,0.0,0.0,0.0,0.0
0.0,0.0,1182266.3518176563,0.0,0.0,9432094.845723052,0.0,0.0,0.0,6391073.190172873,19817891.80937501,26742737.644995067
0.0,0.0,2151052.03607924,0.0,0.0,4898114.161432658,0.0,0.0,0.0,0.0,0.0,0.0
0.0,0.0,237523.81121877968,0.0,0.0,0.0,0.0,0.0,483314.9140455149,0.0,0.0,0.0
0.0,0.0,429577.441287112,5446473.643663825,0.0,0.0,0.0,0.0,0.0,0.0,0.0,0.0
0.0,0.0,344459.20366303384,0.0,0.0,0.0,0.0,0.0,0.0,0.0,0.0,0.0
0.0,0.0,0.0,3404512.2362132906,0.0,0.0,1671254.5787555256,0.0,0.0,0.0,0.0,0.0
0.0,0.0,0.0,4864940.324262364,0.0,0.0,4727153.148206932,0.0,0.0,0.0,0.0,0.0
0.0,0.0,0.0,619280.5959779359,510462.9607899145,0.0,401366.6425125375,0.0,0.0,0.0,0.0,0.0
0.0,0.0,0.0,1624023.898902626,0.0,0.0,1211072.0258235657,0.0,0.0,0.0,0.0,0.0
0.0,0.0,0.0,743118.6986115996,0.0,0.0,0.0,0.0,0.0,0.0,0.0,0.0
0.0,0.0,0.0,606051.8593769061,0.0,0.0,669449.8860162069,0.0,0.0,0.0,0.0,0.0
0.0,0.0,0.0,1228095.4828945885,0.0,0.0,0.0,0.0,0.0,0.0,0.0,0.0
0.0,0.0,0.0,1356401.4180878163,0.0,0.0,0.0,0.0,0.0,0.0,0.0,0.0
0.0,0.0,0.0,552128.4395755528,0.0,0.0,0.0,0.0,0.0,0.0,0.0,0.0
0.0,0.0,0.0,926490.7300407336,0.0,0.0,0.0,0.0,0.0,0.0,0.0,0.0
0.0,0.0,0.0,1302816.5620410552,0.0,0.0,0.0,0.0,0.0,0.0,0.0,0.0
0.0,0.0,0.0,676250.5561837531,0.0,0.0,0.0,0.0,0.0,0.0,0.0,0.0
0.0,0.0,0.0,3172300.019506872,0.0,0.0,0.0,0.0,0.0,0.0,0.0,0.0
0.0,0.0,0.0,435671.47429656365,0.0,0.0,0.0,0.0,0.0,0.0,0.0,0.0
0.0,0.0,0.0,486629.8384654501,0.0,0.0,0.0,0.0,0.0,0.0,0.0,0.0
0.0,0.0,0.0,551753.4040363841,0.0,0.0,0.0,0.0,0.0,0.0,0.0,0.0
0.0,0.0,0.0,0.0,2253983.4680615086,0.0,0.0,0.0,0.0,0.0,0.0,0.0
0.0,0.0,0.0,0.0,1779658.6849603038,0.0,0.0,0.0,0.0,0.0,1066941.9919905928,0.0
0.0,0.0,0.0,0.0,1820240.8478433,0.0,0.0,0.0,0.0,0.0,0.0,0.0
0.0,0.0,0.0,0.0,1445720.3619263603,0.0,0.0,0.0,0.0,0.0,0.0,0.0
0.0,0.0,0.0,0.0,1389931.869271948,0.0,0.0,1065530.8364677131,0.0,0.0,0.0,0.0
0.0,0.0,0.0,0.0,1950723.714870557,487750.65169890097,0.0,0.0,0.0,0.0,0.0,0.0
0.0,0.0,0.0,0.0,1730280.4627622245,0.0,0.0,0.0,0.0,2391616.177283637,3548032.11561751,3617522.642850112
0.0,0.0,0.0,0.0,1024822.098668494,0.0,0.0,0.0,0.0,0.0,0.0,0.0
0.0,0.0,0.0,0.0,944061.0958316978,3086048.564948285,0.0,0.0,0.0,2418319.8748439057,13758057.152596958,10826043.808525536
0.0,0.0,0.0,0.0,701894.9824432847,0.0,677509.8628629189,0.0,0.0,0.0,0.0,0.0
0.0,0.0,0.0,0.0,1217419.9755997772,0.0,0.0,0.0,0.0,0.0,399834.33960786345,0.0
0.0,0.0,0.0,0.0,822001.0765166932,0.0,0.0,0.0,0.0,1454184.051788847,3766356.258384132,4889316.446885192
0.0,0.0,0.0,0.0,659273.9636197317,0.0,636514.4852061397,0.0,0.0,0.0,0.0,0.0
0.0,0.0,0.0,0.0,707277.2628669837,0.0,0.0,350435.2034819644,0.0,0.0,392073.5976740745,0.0
0.0,0.0,0.0,0.0,807280.2795865276,0.0,0.0,0.0,0.0,0.0,580946.7269098774,0.0
0.0,0.0,0.0,0.0,4234975.366527418,0.0,0.0,5021364.056158789,0.0,3867755.360503144,4097754.635700537,0.0
0.0,0.0,0.0,0.0,630637.8886660563,0.0,0.0,0.0,0.0,0.0,0.0,0.0
0.0,0.0,0.0,0.0,533504.7230028033,816998.5619635026,0.0,0.0,0.0,837879.6943974711,1490533.97416352,1070765.515363676
0.0,0.0,0.0,0.0,583368.7657315796,3058137.419539424,0.0,0.0,0.0,2331501.1231121,9068018.5738493,6100945.024779136
0.0,0.0,0.0,0.0,574816.0945764042,0.0,0.0,0.0,0.0,697836.5083218488,2007106.7323302357,2787531.689771631
0.0,0.0,0.0,0.0,583483.5155297772,0.0,0.0,0.0,0.0,2137930.509191022,10697243.56374457,4689839.845001326
0.0,0.0,0.0,0.0,626070.9762434892,1760610.1931287376,0.0,0.0,0.0,1394125.061887608,3985657.1107300417,2339937.0289469347
0.0,0.0,0.0,0.0,447541.8827669511,0.0,0.0,0.0,0.0,0.0,0.0,0.0
0.0,0.0,0.0,0.0,482993.80937858205,643205.4241277863,0.0,0.0,0.0,1005117.4113395906,2189656.5614191536,412566.2060322097
0.0,0.0,0.0,0.0,449790.3428591309,2071606.8700291,0.0,0.0,0.0,1369752.7264112388,9850583.59370386,5857915.126576697
0.0,0.0,0.0,0.0,478477.6471478238,2556269.911832525,0.0,0.0,0.0,1587382.0117169763,13183058.674872382,8063233.96355195
0.0,0.0,0.0,0.0,391749.3630465328,2073964.9563699756,0.0,0.0,0.0,1233011.153558659,6255486.794131404,4094363.631552765
0.0,0.0,0.0,0.0,368029.876823392,0.0,0.0,0.0,0.0,0.0,5589335.864219226,3650380.400747528
0.0,0.0,0.0,0.0,0.0,26149963.26739048,0.0,0.0,0.0,0.0,0.0,70925172.10126285
0.0,0.0,0.0,0.0,0.0,2443826.860057679,0.0,0.0,0.0,6705171.057573266,0.0,0.0
0.0,0.0,0.0,0.0,0.0,5109556.716105082,0.0,0.0,0.0,4763730.652982915,16350807.006696982,13763013.69433767
0.0,0.0,0.0,0.0,0.0,2322681.0071244,0.0,0.0,0.0,0.0,4770503.118294952,13551083.96468633
0.0,0.0,0.0,0.0,0.0,17650681.291373175,0.0,0.0,13665209.68990574,0.0,0.0,9857557.921377905
0.0,0.0,0.0,0.0,0.0,5822484.363756882,0.0,0.0,0.0,0.0,0.0,0.0
0.0,0.0,0.0,0.0,0.0,10020004.607688053,0.0,0.0,0.0,0.0,657029.0549694225,0.0
0.0,0.0,0.0,0.0,0.0,2882067.7469234564,0.0,0.0,0.0,1783536.9618663008,8676473.235161863,5310167.379023689
0.0,0.0,0.0,0.0,0.0,1388505.196757614,0.0,0.0,0.0,882006.0090993247,10649020.895035151,12456029.130152963
0.0,0.0,0.0,0.0,0.0,1371689.1787206703,0.0,0.0,0.0,0.0,1317025.009913503,2728234.629143364
0.0,0.0,0.0,0.0,0.0,4792732.000583481,0.0,0.0,0.0,3074682.920459604,10708127.180179026,14752742.83399711
0.0,0.0,0.0,0.0,0.0,1944479.5622801944,0.0,0.0,0.0,1163548.115034045,0.0,0.0
0.0,0.0,0.0,0.0,0.0,1388038.1673405753,0.0,0.0,0.0,0.0,827022.5035694349,8330938.574654359
0.0,0.0,0.0,0.0,0.0,3173630.997517926,0.0,0.0,0.0,0.0,0.0,0.0
0.0,0.0,0.0,0.0,0.0,4168721.084047215,0.0,0.0,0.0,0.0,0.0,1735432.9467036903
0.0,0.0,0.0,0.0,0.0,3626568.695371378,0.0,0.0,0.0,1801222.313551132,10746794.935594032,15699421.710793989
0.0,0.0,0.0,0.0,0.0,4465443.504238633,0.0,0.0,0.0,0.0,0.0,0.0
0.0,0.0,0.0,0.0,0.0,626208.5426661585,0.0,0.0,0.0,322467.98989766825,0.0,0.0
0.0,0.0,0.0,0.0,0.0,2527147.5611277837,0.0,0.0,0.0,2125059.346853222,0.0,0.0
0.0,0.0,0.0,0.0,0.0,5886077.030711588,0.0,0.0,0.0,0.0,0.0,0.0
0.0,0.0,0.0,0.0,0.0,1071618.5521123998,0.0,0.0,0.0,0.0,0.0,0.0
0.0,0.0,0.0,0.0,0.0,6404713.049475992,0.0,0.0,0.0,0.0,0.0,6704536.540482119
0.0,0.0,0.0,0.0,0.0,1484538.2384430584,0.0,0.0,0.0,874566.196906696,0.0,0.0
0.0,0.0,0.0,0.0,0.0,3689590.8579078233,0.0,0.0,0.0,1975773.2385252223,7135216.01691123,8031240.346432933
0.0,0.0,0.0,0.0,0.0,2271428.0734738214,0.0,0.0,0.0,0.0,0.0,0.0
0.0,0.0,0.0,0.0,0.0,861151.1823938155,0.0,0.0,0.0,0.0,1471809.9151267284,1195441.849996494
0.0,0.0,0.0,0.0,0.0,762366.8374129143,0.0,0.0,0.0,0.0,0.0,1803780.4106433727
0.0,0.0,0.0,0.0,0.0,823906.7488781732,0.0,0.0,0.0,0.0,0.0,568093.2181074731
0.0,0.0,0.0,0.0,0.0,1913856.7116720905,0.0,0.0,0.0,0.0,0.0,0.0
0.0,0.0,0.0,0.0,0.0,305726.4760405312,0.0,0.0,0.0,0.0,0.0,0.0
0.0,0.0,0.0,0.0,0.0,238247.96087571487,0.0,0.0,0.0,1088484.2510197044,2051599.0640764583,0.0
0.0,0.0,0.0,0.0,0.0,2636994.668119852,0.0,0.0,0.0,0.0,0.0,0.0
0.0,0.0,0.0,0.0,0.0,484480.39914987073,0.0,0.0,0.0,0.0,730459.21037775,1550907.8070184595
0.0,0.0,0.0,0.0,0.0,605407.3983692601,0.0,0.0,0.0,0.0,0.0,0.0
0.0,0.0,0.0,0.0,0.0,1780933.4938293677,0.0,0.0,0.0,0.0,0.0,0.0
0.0,0.0,0.0,0.0,0.0,1209055.2084368404,0.0,0.0,0.0,0.0,0.0,0.0
0.0,0.0,0.0,0.0,0.0,200114.3118483077,0.0,0.0,498260.5120232108,0.0,0.0,0.0
0.0,0.0,0.0,0.0,0.0,927357.5117935964,0.0,0.0,0.0,0.0,0.0,0.0
0.0,0.0,0.0,0.0,0.0,464069.349737863,0.0,0.0,0.0,0.0,1870154.0485436567,0.0
0.0,0.0,0.0,0.0,0.0,1189915.9338711514,0.0,0.0,0.0,0.0,0.0,0.0
0.0,0.0,0.0,0.0,0.0,2778600.407772769,0.0,0.0,0.0,0.0,0.0,0.0
0.0,0.0,0.0,0.0,0.0,371336.0152140175,0.0,0.0,0.0,673457.5818894559,0.0,0.0
0.0,0.0,0.0,0.0,0.0,416674.88632843737,0.0,0.0,0.0,0.0,0.0,0.0
0.0,0.0,0.0,0.0,0.0,0.0,475794.41811019497,0.0,0.0,0.0,0.0,0.0
0.0,0.0,0.0,0.0,0.0,0.0,240759.27287783223,0.0,0.0,0.0,0.0,0.0
0.0,0.0,0.0,0.0,0.0,0.0,0.0,1873646.606168916,0.0,0.0,0.0,0.0
0.0,0.0,0.0,0.0,0.0,0.0,0.0,1775833.9768569556,0.0,0.0,0.0,0.0
0.0,0.0,0.0,0.0,0.0,0.0,0.0,0.0,82653884.71454829,0.0,0.0,0.0
0.0,0.0,0.0,0.0,0.0,0.0,0.0,0.0,57395219.79574828,0.0,0.0,0.0
0.0,0.0,0.0,0.0,0.0,0.0,0.0,0.0,12219889.57193211,0.0,494544.1713465055,1104096.533378247
0.0,0.0,0.0,0.0,0.0,0.0,0.0,0.0,7180625.292522603,0.0,0.0,0.0
0.0,0.0,0.0,0.0,0.0,0.0,0.0,0.0,6000648.678871377,0.0,0.0,0.0
0.0,0.0,0.0,0.0,0.0,0.0,0.0,0.0,596026.3519699401,0.0,0.0,0.0
0.0,0.0,0.0,0.0,0.0,0.0,0.0,0.0,674804.2560898734,0.0,0.0,0.0
0.0,0.0,0.0,0.0,0.0,0.0,0.0,0.0,3506138.470522347,0.0,0.0,0.0
0.0,0.0,0.0,0.0,0.0,0.0,0.0,0.0,2261822.99682965,0.0,0.0,0.0
0.0,0.0,0.0,0.0,0.0,0.0,0.0,0.0,528695.6802443269,0.0,0.0,0.0
0.0,0.0,0.0,0.0,0.0,0.0,0.0,0.0,2949538.8018264817,0.0,0.0,0.0
0.0,0.0,0.0,0.0,0.0,0.0,0.0,0.0,858161.0334189055,0.0,0.0,0.0
0.0,0.0,0.0,0.0,0.0,0.0,0.0,0.0,464689.54529826215,0.0,0.0,0.0
0.0,0.0,0.0,0.0,0.0,0.0,0.0,0.0,293990.9591398462,0.0,0.0,0.0
0.0,0.0,0.0,0.0,0.0,0.0,0.0,0.0,1439860.01010763,0.0,0.0,0.0
0.0,0.0,0.0,0.0,0.0,0.0,0.0,0.0,0.0,2016627.4505189988,16889692.18554144,4207455.117742336
0.0,0.0,0.0,0.0,0.0,0.0,0.0,0.0,0.0,9722771.9851475,0.0,0.0
0.0,0.0,0.0,0.0,0.0,0.0,0.0,0.0,0.0,6948146.766111039,0.0,0.0
0.0,0.0,0.0,0.0,0.0,0.0,0.0,0.0,0.0,6771849.455336657,0.0,0.0
0.0,0.0,0.0,0.0,0.0,0.0,0.0,0.0,0.0,873377.6198610741,0.0,0.0
0.0,0.0,0.0,0.0,0.0,0.0,0.0,0.0,0.0,3491744.4683981785,0.0,0.0
0.0,0.0,0.0,0.0,0.0,0.0,0.0,0.0,0.0,793125.7535126242,3588281.769743821,2580588.047572643
0.0,0.0,0.0,0.0,0.0,0.0,0.0,0.0,0.0,3499059.915938636,0.0,0.0
0.0,0.0,0.0,0.0,0.0,0.0,0.0,0.0,0.0,559092.5370634522,0.0,0.0
0.0,0.0,0.0,0.0,0.0,0.0,0.0,0.0,0.0,595801.5991585273,10658258.419502337,10932598.483854469
0.0,0.0,0.0,0.0,0.0,0.0,0.0,0.0,0.0,557877.6319603552,0.0,0.0
0.0,0.0,0.0,0.0,0.0,0.0,0.0,0.0,0.0,2061892.9229109688,0.0,0.0
0.0,0.0,0.0,0.0,0.0,0.0,0.0,0.0,0.0,543255.4787287005,0.0,379683.5390241068
0.0,0.0,0.0,0.0,0.0,0.0,0.0,0.0,0.0,528174.5642036275,4821582.255577091,3065094.556176222
0.0,0.0,0.0,0.0,0.0,0.0,0.0,0.0,0.0,226181.34857040705,0.0,0.0
0.0,0.0,0.0,0.0,0.0,0.0,0.0,0.0,0.0,1755550.3470824258,207742.0583928796,0.0
0.0,0.0,0.0,0.0,0.0,0.0,0.0,0.0,0.0,435870.7794991356,839389.959682133,396773.7288222356
0.0,0.0,0.0,0.0,0.0,0.0,0.0,0.0,0.0,2113464.0256813862,0.0,0.0
0.0,0.0,0.0,0.0,0.0,0.0,0.0,0.0,0.0,407884.8144861348,2859848.953120225,1768270.4287977084
0.0,0.0,0.0,0.0,0.0,0.0,0.0,0.0,0.0,525731.1365358119,1112584.5566242062,1696535.2551089344
0.0,0.0,0.0,0.0,0.0,0.0,0.0,0.0,0.0,446059.9094076637,1322322.7926357992,0.0
0.0,0.0,0.0,0.0,0.0,0.0,0.0,0.0,0.0,0.0,14036501.459803194,0.0
0.0,0.0,0.0,0.0,0.0,0.0,0.0,0.0,0.0,0.0,13204357.053658782,0.0
0.0,0.0,0.0,0.0,0.0,0.0,0.0,0.0,0.0,0.0,50304710.95581503,22774487.824267868
0.0,0.0,0.0,0.0,0.0,0.0,0.0,0.0,0.0,0.0,23549069.24039115,30413365.5941467
0.0,0.0,0.0,0.0,0.0,0.0,0.0,0.0,0.0,0.0,27116517.760923486,0.0
0.0,0.0,0.0,0.0,0.0,0.0,0.0,0.0,0.0,0.0,8430120.60663051,9637006.618271004
0.0,0.0,0.0,0.0,0.0,0.0,0.0,0.0,0.0,0.0,13482802.535337504,7565003.603163898
0.0,0.0,0.0,0.0,0.0,0.0,0.0,0.0,0.0,0.0,6509632.887365646,7127675.4593742
0.0,0.0,0.0,0.0,0.0,0.0,0.0,0.0,0.0,0.0,2432555.054147609,0.0
0.0,0.0,0.0,0.0,0.0,0.0,0.0,0.0,0.0,0.0,12371842.18151163,6940565.627151789
0.0,0.0,0.0,0.0,0.0,0.0,0.0,0.0,0.0,0.0,5741813.331321405,0.0
0.0,0.0,0.0,0.0,0.0,0.0,0.0,0.0,0.0,0.0,5509109.925614975,0.0
0.0,0.0,0.0,0.0,0.0,0.0,0.0,0.0,0.0,0.0,5364879.025316684,6041139.1252640495
0.0,0.0,0.0,0.0,0.0,0.0,0.0,0.0,0.0,0.0,5017899.695985202,0.0
0.0,0.0,0.0,0.0,0.0,0.0,0.0,0.0,0.0,0.0,4027355.116380392,4754916.161738628
0.0,0.0,0.0,0.0,0.0,0.0,0.0,0.0,0.0,0.0,3323639.491434923,2087703.97145013
0.0,0.0,0.0,0.0,0.0,0.0,0.0,0.0,0.0,0.0,3477524.273794023,4398074.631729091
0.0,0.0,0.0,0.0,0.0,0.0,0.0,0.0,0.0,0.0,2502098.933915899,3427952.990199518
0.0,0.0,0.0,0.0,0.0,0.0,0.0,0.0,0.0,0.0,3380711.820428688,1858973.4545034864
0.0,0.0,0.0,0.0,0.0,0.0,0.0,0.0,0.0,0.0,2023420.6892987648,2856404.4931698106
0.0,0.0,0.0,0.0,0.0,0.0,0.0,0.0,0.0,0.0,2133341.5436236053,3391139.5954508577
0.0,0.0,0.0,0.0,0.0,0.0,0.0,0.0,0.0,0.0,1752887.3400458442,0.0
0.0,0.0,0.0,0.0,0.0,0.0,0.0,0.0,0.0,0.0,2604286.897561525,3764116.3546347655
0.0,0.0,0.0,0.0,0.0,0.0,0.0,0.0,0.0,0.0,1793022.105507881,2330492.3258689977
0.0,0.0,0.0,0.0,0.0,0.0,0.0,0.0,0.0,0.0,3604475.812821031,0.0
0.0,0.0,0.0,0.0,0.0,0.0,0.0,0.0,0.0,0.0,2749596.000511335,4029099.1984820734
0.0,0.0,0.0,0.0,0.0,0.0,0.0,0.0,0.0,0.0,2688517.589506399,4567707.080983814
0.0,0.0,0.0,0.0,0.0,0.0,0.0,0.0,0.0,0.0,1359452.1442071197,0.0
0.0,0.0,0.0,0.0,0.0,0.0,0.0,0.0,0.0,0.0,1289996.3366476004,2205310.375658208
0.0,0.0,0.0,0.0,0.0,0.0,0.0,0.0,0.0,0.0,2976097.1390505303,1728126.9118369473
0.0,0.0,0.0,0.0,0.0,0.0,0.0,0.0,0.0,0.0,1896899.6685047208,0.0
0.0,0.0,0.0,0.0,0.0,0.0,0.0,0.0,0.0,0.0,1851469.751845072,0.0
0.0,0.0,0.0,0.0,0.0,0.0,0.0,0.0,0.0,0.0,2282582.408262395,1644822.437445534
0.0,0.0,0.0,0.0,0.0,0.0,0.0,0.0,0.0,0.0,2254958.6461659614,1584675.0612253975
0.0,0.0,0.0,0.0,0.0,0.0,0.0,0.0,0.0,0.0,2036241.2183877209,1974983.6983054304
0.0,0.0,0.0,0.0,0.0,0.0,0.0,0.0,0.0,0.0,1958828.1055130544,0.0
0.0,0.0,0.0,0.0,0.0,0.0,0.0,0.0,0.0,0.0,1125596.4868310846,0.0
0.0,0.0,0.0,0.0,0.0,0.0,0.0,0.0,0.0,0.0,543283.44009445,1646766.7334722856
0.0,0.0,0.0,0.0,0.0,0.0,0.0,0.0,0.0,0.0,2101353.902935968,1437605.9763095155
0.0,0.0,0.0,0.0,0.0,0.0,0.0,0.0,0.0,0.0,547756.2070952941,0.0
0.0,0.0,0.0,0.0,0.0,0.0,0.0,0.0,0.0,0.0,1008921.9746700096,0.0
0.0,0.0,0.0,0.0,0.0,0.0,0.0,0.0,0.0,0.0,1301682.6302411412,0.0
0.0,0.0,0.0,0.0,0.0,0.0,0.0,0.0,0.0,0.0,944772.9537661612,1176214.9913829255
0.0,0.0,0.0,0.0,0.0,0.0,0.0,0.0,0.0,0.0,921585.0699092968,1116701.7770205732
0.0,0.0,0.0,0.0,0.0,0.0,0.0,0.0,0.0,0.0,2616222.9756993675,579352.9290993284
0.0,0.0,0.0,0.0,0.0,0.0,0.0,0.0,0.0,0.0,949098.6425488848,1294832.2609944968
0.0,0.0,0.0,0.0,0.0,0.0,0.0,0.0,0.0,0.0,971964.7890293368,1485614.8197995126
0.0,0.0,0.0,0.0,0.0,0.0,0.0,0.0,0.0,0.0,1635604.5891616764,941376.6296619866
0.0,0.0,0.0,0.0,0.0,0.0,0.0,0.0,0.0,0.0,855954.9762793449,0.0
0.0,0.0,0.0,0.0,0.0,0.0,0.0,0.0,0.0,0.0,832284.1351299364,0.0
0.0,0.0,0.0,0.0,0.0,0.0,0.0,0.0,0.0,0.0,866533.7785518349,999882.2465232112
0.0,0.0,0.0,0.0,0.0,0.0,0.0,0.0,0.0,0.0,3487657.2813148336,1555790.3989359315
0.0,0.0,0.0,0.0,0.0,0.0,0.0,0.0,0.0,0.0,416635.1017731468,0.0
0.0,0.0,0.0,0.0,0.0,0.0,0.0,0.0,0.0,0.0,1504127.4010020087,1115104.5289978706
0.0,0.0,0.0,0.0,0.0,0.0,0.0,0.0,0.0,0.0,1542284.1556577825,2349622.726514157
0.0,0.0,0.0,0.0,0.0,0.0,0.0,0.0,0.0,0.0,1061304.2031306445,1259285.7689162986
0.0,0.0,0.0,0.0,0.0,0.0,0.0,0.0,0.0,0.0,697395.1579568196,841779.16077308
0.0,0.0,0.0,0.0,0.0,0.0,0.0,0.0,0.0,0.0,920775.020255678,0.0
0.0,0.0,0.0,0.0,0.0,0.0,0.0,0.0,0.0,0.0,1727365.6098157144,0.0
0.0,0.0,0.0,0.0,0.0,0.0,0.0,0.0,0.0,0.0,772753.0364631871,0.0
0.0,0.0,0.0,0.0,0.0,0.0,0.0,0.0,0.0,0.0,1203619.2983710177,0.0
0.0,0.0,0.0,0.0,0.0,0.0,0.0,0.0,0.0,0.0,1128911.387455,1987287.8614613533
0.0,0.0,0.0,0.0,0.0,0.0,0.0,0.0,0.0,0.0,1196689.9548535952,879128.925989514
0.0,0.0,0.0,0.0,0.0,0.0,0.0,0.0,0.0,0.0,1180766.6453412764,881642.5946937604
0.0,0.0,0.0,0.0,0.0,0.0,0.0,0.0,0.0,0.0,660457.4438732786,0.0
0.0,0.0,0.0,0.0,0.0,0.0,0.0,0.0,0.0,0.0,588480.2156862072,0.0
0.0,0.0,0.0,0.0,0.0,0.0,0.0,0.0,0.0,0.0,695572.2373900961,1878515.7130862705
0.0,0.0,0.0,0.0,0.0,0.0,0.0,0.0,0.0,0.0,1058228.080133075,856528.003141218
0.0,0.0,0.0,0.0,0.0,0.0,0.0,0.0,0.0,0.0,2565364.4614122226,0.0
0.0,0.0,0.0,0.0,0.0,0.0,0.0,0.0,0.0,0.0,600743.2571110728,0.0
0.0,0.0,0.0,0.0,0.0,0.0,0.0,0.0,0.0,0.0,682206.9633146316,0.0
0.0,0.0,0.0,0.0,0.0,0.0,0.0,0.0,0.0,0.0,796401.892793334,749911.2961530448
0.0,0.0,0.0,0.0,0.0,0.0,0.0,0.0,0.0,0.0,553702.6444468937,0.0
0.0,0.0,0.0,0.0,0.0,0.0,0.0,0.0,0.0,0.0,485954.5927482162,0.0
0.0,0.0,0.0,0.0,0.0,0.0,0.0,0.0,0.0,0.0,475637.5764705687,0.0
0.0,0.0,0.0,0.0,0.0,0.0,0.0,0.0,0.0,0.0,947986.929782414,686624.4526891626
0.0,0.0,0.0,0.0,0.0,0.0,0.0,0.0,0.0,0.0,880724.3426129484,0.0
0.0,0.0,0.0,0.0,0.0,0.0,0.0,0.0,0.0,0.0,932176.4685426056,736775.9968914958
0.0,0.0,0.0,0.0,0.0,0.0,0.0,0.0,0.0,0.0,918413.8624273156,0.0
0.0,0.0,0.0,0.0,0.0,0.0,0.0,0.0,0.0,0.0,658731.2279065931,0.0
0.0,0.0,0.0,0.0,0.0,0.0,0.0,0.0,0.0,0.0,594798.2038677908,0.0
0.0,0.0,0.0,0.0,0.0,0.0,0.0,0.0,0.0,0.0,536555.9877095805,922844.5935969612
0.0,0.0,0.0,0.0,0.0,0.0,0.0,0.0,0.0,0.0,776923.6765581127,0.0
0.0,0.0,0.0,0.0,0.0,0.0,0.0,0.0,0.0,0.0,567777.216829045,0.0
0.0,0.0,0.0,0.0,0.0,0.0,0.0,0.0,0.0,0.0,856652.630115803,0.0
0.0,0.0,0.0,0.0,0.0,0.0,0.0,0.0,0.0,0.0,718984.7035434023,0.0
0.0,0.0,0.0,0.0,0.0,0.0,0.0,0.0,0.0,0.0,524999.3947803723,0.0
0.0,0.0,0.0,0.0,0.0,0.0,0.0,0.0,0.0,0.0,477183.10663160495,0.0
0.0,0.0,0.0,0.0,0.0,0.0,0.0,0.0,0.0,0.0,718079.4788423392,1789921.0182158146
0.0,0.0,0.0,0.0,0.0,0.0,0.0,0.0,0.0,0.0,486213.9794255417,0.0
0.0,0.0,0.0,0.0,0.0,0.0,0.0,0.0,0.0,0.0,461251.9246784737,687407.1285425134
0.0,0.0,0.0,0.0,0.0,0.0,0.0,0.0,0.0,0.0,429297.3285987392,0.0
0.0,0.0,0.0,0.0,0.0,0.0,0.0,0.0,0.0,0.0,241009.73721502887,1970136.5643448771
0.0,0.0,0.0,0.0,0.0,0.0,0.0,0.0,0.0,0.0,450597.3784493339,682336.3259020395
0.0,0.0,0.0,0.0,0.0,0.0,0.0,0.0,0.0,0.0,1160248.3837590802,3196649.382493344
0.0,0.0,0.0,0.0,0.0,0.0,0.0,0.0,0.0,0.0,431023.0780318233,728453.3922262664
0.0,0.0,0.0,0.0,0.0,0.0,0.0,0.0,0.0,0.0,728790.199352292,0.0
0.0,0.0,0.0,0.0,0.0,0.0,0.0,0.0,0.0,0.0,463065.7770617219,0.0
0.0,0.0,0.0,0.0,0.0,0.0,0.0,0.0,0.0,0.0,459785.0323359277,0.0
0.0,0.0,0.0,0.0,0.0,0.0,0.0,0.0,0.0,0.0,290681.1517721514,0.0
0.0,0.0,0.0,0.0,0.0,0.0,0.0,0.0,0.0,0.0,425210.1890522989,0.0
0.0,0.0,0.0,0.0,0.0,0.0,0.0,0.0,0.0,0.0,457521.6449030852,789675.7896711873
0.0,0.0,0.0,0.0,0.0,0.0,0.0,0.0,0.0,0.0,711523.4865471366,0.0
0.0,0.0,0.0,0.0,0.0,0.0,0.0,0.0,0.0,0.0,842049.8460226277,1273513.792261125
0.0,0.0,0.0,0.0,0.0,0.0,0.0,0.0,0.0,0.0,209838.6287692264,0.0
0.0,0.0,0.0,0.0,0.0,0.0,0.0,0.0,0.0,0.0,436241.8672742214,0.0
0.0,0.0,0.0,0.0,0.0,0.0,0.0,0.0,0.0,0.0,472262.43560705497,0.0
0.0,0.0,0.0,0.0,0.0,0.0,0.0,0.0,0.0,0.0,461738.8420641823,0.0
0.0,0.0,0.0,0.0,0.0,0.0,0.0,0.0,0.0,0.0,471968.6364372349,0.0
0.0,0.0,0.0,0.0,0.0,0.0,0.0,0.0,0.0,0.0,376576.6355790079,698268.1075549226
0.0,0.0,0.0,0.0,0.0,0.0,0.0,0.0,0.0,0.0,379067.68150264455,0.0
0.0,0.0,0.0,0.0,0.0,0.0,0.0,0.0,0.0,0.0,425379.52538784186,0.0
0.0,0.0,0.0,0.0,0.0,0.0,0.0,0.0,0.0,0.0,757724.886010994,1055002.462256235
0.0,0.0,0.0,0.0,0.0,0.0,0.0,0.0,0.0,0.0,449430.138326196,0.0
0.0,0.0,0.0,0.0,0.0,0.0,0.0,0.0,0.0,0.0,0.0,6712043.912949482
0.0,0.0,0.0,0.0,0.0,0.0,0.0,0.0,0.0,0.0,0.0,3946196.472548945
0.0,0.0,0.0,0.0,0.0,0.0,0.0,0.0,0.0,0.0,0.0,4076559.9380482542
0.0,0.0,0.0,0.0,0.0,0.0,0.0,0.0,0.0,0.0,0.0,2632172.514200108
0.0,0.0,0.0,0.0,0.0,0.0,0.0,0.0,0.0,0.0,0.0,2419928.9871456763
0.0,0.0,0.0,0.0,0.0,0.0,0.0,0.0,0.0,0.0,0.0,3416909.592206111
0.0,0.0,0.0,0.0,0.0,0.0,0.0,0.0,0.0,0.0,0.0,1621150.2035950215
0.0,0.0,0.0,0.0,0.0,0.0,0.0,0.0,0.0,0.0,0.0,1757728.5023911723
0.0,0.0,0.0,0.0,0.0,0.0,0.0,0.0,0.0,0.0,0.0,1465474.6897358766
0.0,0.0,0.0,0.0,0.0,0.0,0.0,0.0,0.0,0.0,0.0,10227193.624998393
0.0,0.0,0.0,0.0,0.0,0.0,0.0,0.0,0.0,0.0,0.0,2884437.941868392
0.0,0.0,0.0,0.0,0.0,0.0,0.0,0.0,0.0,0.0,0.0,2314226.8246070435
0.0,0.0,0.0,0.0,0.0,0.0,0.0,0.0,0.0,0.0,0.0,2673163.072361554
0.0,0.0,0.0,0.0,0.0,0.0,0.0,0.0,0.0,0.0,0.0,5734576.421595763
0.0,0.0,0.0,0.0,0.0,0.0,0.0,0.0,0.0,0.0,0.0,3987522.292921507
0.0,0.0,0.0,0.0,0.0,0.0,0.0,0.0,0.0,0.0,0.0,2498641.4879628783
0.0,0.0,0.0,0.0,0.0,0.0,0.0,0.0,0.0,0.0,0.0,1082272.512085371
0.0,0.0,0.0,0.0,0.0,0.0,0.0,0.0,0.0,0.0,0.0,994812.2951062388
0.0,0.0,0.0,0.0,0.0,0.0,0.0,0.0,0.0,0.0,0.0,2048762.2576438752
0.0,0.0,0.0,0.0,0.0,0.0,0.0,0.0,0.0,0.0,0.0,711774.0658503602
0.0,0.0,0.0,0.0,0.0,0.0,0.0,0.0,0.0,0.0,0.0,3339767.356239779
0.0,0.0,0.0,0.0,0.0,0.0,0.0,0.0,0.0,0.0,0.0,1156001.2727229588
0.0,0.0,0.0,0.0,0.0,0.0,0.0,0.0,0.0,0.0,0.0,3203794.322675645
0.0,0.0,0.0,0.0,0.0,0.0,0.0,0.0,0.0,0.0,0.0,620564.8433297111
0.0,0.0,0.0,0.0,0.0,0.0,0.0,0.0,0.0,0.0,0.0,830638.5965433904
0.0,0.0,0.0,0.0,0.0,0.0,0.0,0.0,0.0,0.0,0.0,875538.0381908438
0.0,0.0,0.0,0.0,0.0,0.0,0.0,0.0,0.0,0.0,0.0,1030400.7036388756
0.0,0.0,0.0,0.0,0.0,0.0,0.0,0.0,0.0,0.0,0.0,959440.3810671036
0.0,0.0,0.0,0.0,0.0,0.0,0.0,0.0,0.0,0.0,0.0,1321506.3472821226
0.0,0.0,0.0,0.0,0.0,0.0,0.0,0.0,0.0,0.0,0.0,803547.0693290869
0.0,0.0,0.0,0.0,0.0,0.0,0.0,0.0,0.0,0.0,0.0,381869.6146877118
0.0,0.0,0.0,0.0,0.0,0.0,0.0,0.0,0.0,0.0,0.0,1268787.1756093795
0.0,0.0,0.0,0.0,0.0,0.0,0.0,0.0,0.0,0.0,0.0,678174.0013718582
0.0,0.0,0.0,0.0,0.0,0.0,0.0,0.0,0.0,0.0,0.0,1006119.314514731
0.0,0.0,0.0,0.0,0.0,0.0,0.0,0.0,0.0,0.0,0.0,1022365.6993308732
0.0,0.0,0.0,0.0,0.0,0.0,0.0,0.0,0.0,0.0,0.0,383757.039006122
0.0,0.0,0.0,0.0,0.0,0.0,0.0,0.0,0.0,0.0,0.0,3923345.908246038
0.0,0.0,0.0,0.0,0.0,0.0,0.0,0.0,0.0,0.0,0.0,4959387.597697995
0.0,0.0,0.0,0.0,0.0,0.0,0.0,0.0,0.0,0.0,0.0,610926.2995460633
0.0,0.0,0.0,0.0,0.0,0.0,0.0,0.0,0.0,0.0,0.0,1445642.1902579323
0.0,0.0,0.0,0.0,0.0,0.0,0.0,0.0,0.0,0.0,0.0,614769.0709681865
0.0,0.0,0.0,0.0,0.0,0.0,0.0,0.0,0.0,0.0,0.0,384637.47197766986
0.0,0.0,0.0,0.0,0.0,0.0,0.0,0.0,0.0,0.0,0.0,1078621.3741392111
0.0,0.0,0.0,0.0,0.0,0.0,0.0,0.0,0.0,0.0,0.0,567658.0807860179
0.0,0.0,0.0,0.0,0.0,0.0,0.0,0.0,0.0,0.0,0.0,275588.956824581
0.0,0.0,0.0,0.0,0.0,0.0,0.0,0.0,0.0,0.0,0.0,266960.5436083149
0.0,0.0,0.0,0.0,0.0,0.0,0.0,0.0,0.0,0.0,0.0,445307.74822273455
0.0,0.0,0.0,0.0,0.0,0.0,0.0,0.0,0.0,0.0,0.0,435323.0154955649
0.0,0.0,0.0,0.0,0.0,0.0,0.0,0.0,0.0,0.0,0.0,509192.9029239662
0.0,0.0,0.0,0.0,0.0,0.0,0.0,0.0,0.0,0.0,0.0,213598.92568167523
0.0,0.0,0.0,0.0,0.0,0.0,0.0,0.0,0.0,0.0,0.0,387434.8322919934
0.0,0.0,0.0,0.0,0.0,0.0,0.0,0.0,0.0,0.0,0.0,653959.8835644833
0.0,0.0,0.0,0.0,0.0,0.0,0.0,0.0,0.0,0.0,0.0,530579.245163561
0.0,0.0,0.0,0.0,0.0,0.0,0.0,0.0,0.0,0.0,0.0,445122.95184834953
0.0,0.0,0.0,0.0,0.0,0.0,0.0,0.0,0.0,0.0,0.0,424972.9564452551
0.0,0.0,0.0,0.0,0.75,0.75,0.2,0.2,0.1,0.1,0.0,0.0
